tutor_name,tutor_id
Coach David_Biz Eng,7153483
Joe Mayerich,19689869
Alex  IT  / Business,1933544
Leo Salazar,7091302
Spence from Seattle,5095780
Ethan,9282543
Gabi,8417623
Riggs,21876140
Teacher Alyse,13365914
Jonathan,11024619
Paul K.,8604687
Teacher Everett,25618519
Challis,9497431
College&Career-Troy,426279
Jonathan,4985733
David J. hansen,10749084
Clark Williams,5253498
Allen - Accent Coach,7892569
Matt 马修,690546
James IELTS/Writing,5058574
Stanley IELTS TOEFL,6182497
Kristina Pingston,9086553
Frank Hauser,10450220
Aaron IELTS expert,7903207
Ben Tall TOEFL Freak,3657461
Jacqueline F.,13267732
John,4918866
Roman IELTS,1301543
Dillon Gerrity,1866899
Dr. Judi,6495840
Katie,12257258
Rachel Eliason,5017272
John Kelly IELTS Pro,6529370
Caroline M,15310980
Dr Daryl,3552001
Franziska Renata,4908664
Greg,5488100
Mark Stewart,8874711
Danson Wolfe,6624549
Anna Elena,25930360
Peter Crawford,5606163
Ina,24880963
Yi P.,982054
Liz,26033643
Naima Teacher,9640243
Teacher Deb,12239200
John,14050636
Phil｜Accent Trainer,1356999
Teacher Charles,9999060
Dan IELTS Music Kids,9402645
Eja,22039384
Rowena Wellman,10579759
Anna Mae,8456971
Robbie,9915514
Molly Brawer,11917633
Nick,2801061
John K.,1248041
kevindoherty,6590264
Mr. Zhang / 张老师,3727029
Lana,5733896
Alexandra Tuccitto,11357228
Norah Kline,15991954
Haylee,8063943
Cecily,2632012
Greg,3260914
Katie Neginskiy,5201640
Stella,12106647
Melissa,10311163
Ryan Higgins,10897638
David Alexander,3456569
Brandon McNees,11788342
Carmine,7041605
Brian Kincaid,5016562
Anastasia Fay,9015463
Stephanie,6717588
Iban Siegel,13423881
Teacher Megan L,10455950
Brett Hensley,7415226
Tamara O,5306467
Rebecca,3602057
Justine,3257303
Anthony Lynn,26032027
Brenna,4433479
Fortunato,25093257
Ray,5759686
Ellen,6441191
Rex,20546820
Teacher Michelle,774968
Pronunciation Andria,17630108
Mark Esposito,1372678
Steve M,3959322
Brittney B,6013172
Susanna Kay,4154801
Rebecca L,4641355
Jerel con jota,2455430
Ashley Torrano,5772675
Dominic,17916467
🏆 Leia Kids ✻ Adult,5088414
Janet,5588084
MAGS / Pronunciation,9439385
Johnathan,26513755
Sam,5800591
Jake,6725836
Hayden,19358976
Sam Doyle,7102959
Meghan,8414519
Sonic,19881173
Isaac,19183110
Michael Harris,6315155
Amanda Ximenes- KIDS,9390085
Donna Wright,4879239
John in Carolina,4851575
Jason,4900273
Accent Reduction | Kristine,5524470
Andrew Mastronardi,5843206
William Vauter,1605492
Jaimi,26392172
Chris,10618952
Sawsan Charif,11609915
Neil,6994894
Caleb Neff,8621777
SaShea,6474110
Dr. Adam,7233372
Tracey Schmidt,1246623
Matthew Coontz,4603971
Bettina,2845590
Zahava,1307003
Curtis,3746348
Nathan B,6137113
Matt Marandi,4392693
Scott,8536785
Eli Cieslak,3688481
Stephanie⚕️Cook,24205974
Paul F,9295147
Kerrie,4438792
Kaleb,3762709
David L,7272236
Tim,3040461
Jasmin,10590358
Charmain English,4552834
Riley,7962451
G Anthony,2670292
Tianna Bushman,6864285
Annamaria,2090812
Joseph Ruppert,6929328
Cindy Pulkkinen,5789969
Kayla,4780429
Emile,5203188
Benjamin Dynice,7053161
Doctor Rod 🤗,1605872
Kyle,5517462
Emma,2759204
Philippe Laguerre,3645080
Josh Pronunciation,1252404
Robert Davidian,4773883
Oscar M. Inglés,8587191
Madelyn,9448733
Ms. Danni,6170775
Lydia,1685538
Lori T.,10669968
Nika,6998678
Janie,8545005
Kelly S,1283823
Coty Carver,9076967
Abbi,10339646
Teacher Bee,3568062
Laura Cole,7233314
Clinton S,19182102
Camila Rinland,5482456
Jon,12347556
Aaye Ander,6178810
Anika Ahmed,10344571
Christine Weindl,7022261
Inna,1800893
Teacher V,3921028
Whitney Pray,6377463
Aaron Walker,5177188
Mafe D.,10485973
Michael Williams,5949670
Darian,7663903
Becca,5754327
Gary,1393345
Gazella Richard,8438900
Veronica,3596183
Savannah Hyson,4161603
Shyam,7526766
"Ryan, Literature MA",3751629
Teacher Arlene :),836912
Teacher Amelia,6576015
JR Public Speaking,4170745
Jake,6827446
Andre S,5114091
Erica,12571067
Lynn Marie,5764434
Julia,6250431
Celeste,2764795
Meredith Bryden,10091167
Theatre & English,3747716
Sarah H,1470707
Trevor Kafka 康明,4746304
Nico,2432809
Ms. Chelsea,3614548
Karen Shelver,12428944
Brad C,483024
Olivia,5716130
Yakari ☀️🌻,11536308
Reza,6295791
Alex Saunders,6354924
Dan Thompson,4089542
Whitney,4571296
Kurt David Success,8143291
Joy,5496413
Alli,3365683
Lorena,1193127
Sunny Sylvester,9392577
Amanda,2842980
Kevin L.,19780612
Professor Dan,7073505
Dr. Matt,6964726
Jay Faris,4751073
Barbara De Vito,4329935
Anthony I,3028116
Melo✨Kid 小学生 初中生 高中生,3101510
Cindy Jones Coaching,10590707
Corinn,7034416
Julie Grimmer,4257080
Desiree Gray,5880289
Sofia Sayers,6975726
Hunter TEFL Teacher,11781350
Ryan M Sibinski,23797087
Lucy,7704126
Nick,19720898
Evangeline L.,5446163
Jason - Business ENG,1085674
Shannon Marshall,4341948
Rob,3329240
Blake Franson,5596287
Sharlene Kids Class,9819552
Mandy Wieser,7328433
Lauren Acciavatti,6050179
Erin Wylie,12100785
Peter Taylor,19678913
M.K.,1072323
Keri,10493723
John,5138727
Morticia Crone,9105974
J Paloma Litteral,5997202
Ann Marie,9017888
Paul Capiral Busines,5585622
"Don Barron, PhD",3349320
Mark Bogard,4558632
Robert,5873397
Justina,3947723
Alexandra,5542307
Lisa,9295901
Gabriela,11835072
Drew ドリュー,4537124
Kat (Business Eng.),9448463
Jesse Wagner,23430771
Carolyn,3205443
Aly,4274889
Morgan Yax (Accent),3685220
Andy C,3723958
Charles Harris,5853252
Grant,7997297
Jeremy,1458546
Jessica Robison,3978726
Teacher Tim,1377283
geoff anderson,2641270
Trent Keyes,6169998
Toni,12115070
Dr. Emily's English,5731067
Ashley,3429518
Jason,1899314
Will Wojcik Shook,5698546
LisaL,3259712
Austin,7898657
Angelo Deleo,2816616
Michael Glasner,5923689
Victoria Raya,9394744
Mark Street,7184187
Teacher C J,6482104
Jackie Ostermann,4132284
Andrew,8097102
Stacy Motte,21366766
Melissa,8531387
Megan,11619819
Selina Mickles,8346141
Hilary,3385745
Craig G,10476543
Riley,25622020
Cody M Navarro,1438634
Ryan (TEFL/American),24819445
Erin,1494476
Ellen M,11125105
Josh,1507633
Inanna,3892689
James IELTS coach,11859247
Lawrence (IELTS).,7079550
Sophia- Conversation,7285471
Jacy,8114063
Marissa Massie,4003175
Collin Accent Coach,6430140
David Esposito,6570102
Emmi,7850767
Brice Cantrell,2103027
RobinL,3475404
Katie Cooper,5602671
Alyssa,5127635
Dominic,5094451
Alli,5897043
Adele Fish,10308337
Jessica,3307073
Paul Ponce,1418251
Marcel Vanlandingham,4189682
Daniel,7369411
Teacher Andrea XLA,11378746
Weronika,7450789
Tanner,2495003
Ethan Moran,8218347
Rob BIZ INTERVIEWS,5885101
Sylvie,13353393
Ashley,5839086
Eric Anderson,6108753
Amber K,8291071
Adrian【Accent Coach】,4227375
Joel,4016806
Business English Ed,1535239
Duncan,9946256
Carli,3502991
Haani,6108860
Chris Cozzuol,7124693
Sean- Business Coach,9161820
Mariana Spry,10356458
David Hall123,26034296
Teacher Stephanie,9392057
Alli,5124328
Matt IELTS Greenley,24819822
Bus Eng Coach Jacob,5454801
Scott Sell,13356845
Brian,2690265
Dr. Socrates,2910087
Patrick IELTS Expert,9994990
Stacey,6490911
Teacher Ray,5913670
Skyler Javier,7140354
Colton Bishop,12799371
Austin,7850416
Brian Corridon,10594883
Robert,6353247
Jonathan,3998011
English with Ethan,9436914
Pete from Boston,1436592
Cory Christ,3566298
Josh,7674882
Lily,10013472
Peter,4850257
Kaylee R,12711449
Vicky Rivera,1325204
Jessica✨Kids &Adults,6507730
Naomi,7245335
Kohloa,5898764
Judy,1175286
Benjamin G.,26989263
Alani Sugar,6733638
Andrea Fink,6964457
Alberto • Accent Pro,6291610
Business/Medical Pro,3016082
Teacher Bill ⭐⭐⭐⭐⭐,13718495
Adam Smith,4510736
Christine,5730604
Haseeb|Accent Coach,9086695
Rose - Kids & Adults,3469507
Teacher Kate,1740696
Nadia,20816714
Danny Rosenberg,10583763
Matthew,8123522
Shari,5370662
Stephen Rogers,3519667
Miss Buswell,4307116
Peter B.,3042877
Lauren Copeland,10822575
Teacher Summer,10502304
Benedict Atchley,11599146
Accent Pro AnaUSA,5764208
Simon the American,10827762
Katherine,3239587
John Denver,6944198
Britney Sewell,19636924
Andrea 🌞,3323152
Danielle,7450159
Nicolas Luna,4815496
Bill M,11646552
Carolyn Alford,26591383
Dave K.,24935102
Nicole Justine,7187182
Teacher Seth,2944752
Lauren Pecha,8728723
Midori,8072534
Teacher James,1063945
Alisha,6320058
Brandon Brookes,1444889
Martha,2510460
Andre',6895483
Joy,8332686
Tyler,9501589
Emily Smith,7118522
Haleigh Alvarenga,5204556
Jessica,4344046
Kids Class with Amy,10117559
Marta Z.,7220165
Wendy,5536345
Sophie Sureau,12217998
Kevin Koski,12361750
Emily,7621566
Madeline Schumm,24824993
Kieraney Luna,23547455
Leyla S.,3870299
Mel・Kids-Adults,18615760
Leann Cors,1244791
Niquey (Neeky),1340022
Greta Morath,10903031
Samantha,12721072
Brentoni,4304918
Laura-Kids/Science,7836065
Kylee Kids Teacher,5980508
👩🏫Teacher Alexis,9464070
Caroline,7191922
Aden Guthrie,5653904
Melanie,1523988
Arlena W.,4054691
Cynthia,1818092
Austin Bellino,6182286
Vero D,5316747
WR - Interview Coach,6272217
SgtBurkett,11598622
Shelley R,4386448
Andrew Polk,8659352
Rachel,8180226
Brian: BUSINESS TALK,9400978
Heidi⭐KIDS & ADULTS,10643394
Teacher Bethany,2402937
Briana B,7985269
Gaby Talk Time,11784957
IELTS+ Yuriko,8633400
Altini,1286082
Ramon Rouse,7363789
Don,7125961
Mariana,6461453
Thomas,4289223
Emma R,13430337
English with Nick,8504202
Jihyun,5728578
Kerry,6959105
Brynn Smith,13359832
Allex Kampos,9011057
Morris OET & TOEFL,11617912
Carrie,7385875
Jean Talbert,3975141
Conner,3256074
Hannah K,17994046
Michael,11657643
Gerad Ryan,6186712
Steven W,4080435
Natalie Business&Law,8776486
Alek Georgeson,6353105
Christin,2757879
Haley,13429649
Michael,4159328
Teacher Nate ⭐,6262949
Robert JD,7175712
Juan Antonio,15797729
Joe,13343254
Gerardo Mena,13627122
Professor Shellwyn,5962522
Teacher Robert,3522570
English Trainer Nick,11625985
Ami Sene,6380087
Greg's Business Eng.,8414788
Michael,13167391
Teacher Ryan,7116911
Lianne W,3735236
Brittany 🇺🇸🇵🇷🏀,7366235
A.J. Hannigan,10111821
David Allen (爱伦),7758310
Dr. Lacei K,4929145
Ms. Liz,7505141
Sandra Ross,19100057
Rae Bu,7082940
Eva,23212793
Tina Marshall,5672495
Teacher Michelle,7330810
Lauren,1754459
Cynthia Bautista,8563428
Eliza Arsenault,11848429
Patricia Atchley,12103606
Lars California,1456005
Katya,12354111
Tori,12252769
Makalah KIDS &Adults,10593759
Karen Cunningham,4543870
Michele Potofsky,10895769
Teacher Jeff,7108040
David Martinovich,847273
Mr_Robert,4464159
Meldrid Serna,11015050
Marie,2925207
Emil,5443545
Teacher Vanessa,5913395
Damon,7134219
Bryan Gilliland,6396521
Omar,5638514
Prof Robert Bartosik,9163940
Sophia,10835494
Philipp Aurand,11910946
Justin Becker,17300678
Bettie,6110317
Ben,10640937
Patrick Pittman,5665598
Teacher Jack,8418600
Andrea M. Vásquez,6784741
Ron Moon,7035273
Bruno,1606623
Jonathan Kimball,8373369
Jonah da California,8127366
Josh USA English,3745099
RJ English Tutor,2586582
Jackie (TOEFL/IELTS),9159592
John Johnson,9453623
Teacher Mila,5327075
Rose,745006
Teacher Tim,8906799
Taiwanda Bason,4247418
Abby Teaches English,3809149
Teacher Jess,9408116
Melinda,7023043
Tayvin,2889545
Mason Pronunciation,6686166
Jeremy 🇪🇺🇳🇱🇪🇸,3416285
Rose,346460
Ilene Springer,1002018
Emma,13245418
Audra,3624618
Kelly Taylor,8250850
Marina Danic,8453429
Mister Mike,11135141
Indiana,5869698
Alipio,6362444
James ⭐⭐⭐⭐⭐,26034621
Elizabeth,8740961
Jasmine Lafdi,7043447
English with Dalia,3628283
Kenneth BUSINESS,4782409
Erica,6659348
Michael,1262667
Justin,3382550
James Business,6404202
Valerie L.,5579143
Sue-Ellen,4039420
simon kenworthy,1719442
Lee,11345112
Tim,600989
Simon (IELTS),4847184
Chris,8060216
Joe Parker,8056916
Aeva Joy Love,6727733
Mark,23796474
🦩IELTS Amanda🦩,13437652
Antony from London,4929155
LIZ UK,2720391
Shahyan Lost,8207483
Jimmy,7376017
Joseph,4419696
James,3543050
Ryan Huddart,8772564
Lou Martin,5760062
"Sam : Writing, IELTS",3468027
Deb OET Medical,4720025
Daniel,1877108
Jennifer Williams,5322702
Kesh,3111293
Rich | IELTS | TOEFL,4023612
Beverlie,5712612
Sam,5117322
Susan Gunn,7273259
Des,8852721
Paul Coleman,5224728
Ben,4570591
Duran voak,3445928
IELTS Jon,5606137
Karen Forssman,6596036
Alexander Chandler,8471037
Teacher Suri,13338903
IELTS FCE CAE Andrew,3425777
Tasmin,8186384
Tinnu,7204552
Linz.H,7439636
Katie Lawrance,6239728
Ian Dudzinski,12214170
Beth,463477
Jenny Davies,3643649
Dom OT,6938875
Annette,8640705
David Jones,9462466
Veronica,2468357
Shaun Simpson,8417922
Suzy,2840300
SallyPatt,11356724
Rianne Douglas,8444827
IELTS British Lesley,5569127
Ben Bullett ⭐️,6323253
Matthew,4416735
Rosann  Ferrier,8560060
Daniel Joseph,5150606
Michael,1292190
T.Mike Fluency Coach,4295575
Paul Oliver,6088702
Yvonne Lee,904516
Robert IELTS,5245196
Gez with a J,2454957
"Nick | Interview, CV",8281762
Norman,1883045
Valerie - English,8763090
Nick H - IELTS,4674669
Mark Hawkins,6375264
Franny,9509967
Mark Evans,2936685
Billy-Mai/Shams,11927234
Jake Nalton,6097826
Huda,4556235
Expert Coach Daniel,5006160
Georgia🌞Kids✨Adults,5889721
Teacher Emma,12565011
Yasur Micah,5354189
Jenny Douch,5370458
Jamie Griffiths,2961333
Natasha Wood,4216461
Matt Gale,5029677
Debbie,8528631
Alan,9178154
Mark Thomas,6968018
Joanna Mauchline,6987480
Joshua Binfor,3535135
Mars,5670024
David,3751409
Tammy UK,1526794
Gareth-Business/IELT,8450855
Paul Watterson,1490122
Guy,7270673
Pip,2539925
Jade,9190219
Samuel White,10023388
Philip Thomson,6633947
Molly,8297059
Paul Maxwell,8880034
Sean,2559721
Nick Tate,6468420
Adam Morrey,5123933
Katrina,4759020
Joseph,8589807
Writing Coach Phil,4643568
Malcolm Clark,2823323
Teacher Alastair,16531150
Bailey John36900,26032386
Christopher,8061191
Tasha Wilson,5385406
Harry (IELTS),19943125
Rob,6246677
Tom Richards,2773148
Loki,3257459
Frank,11237202
Teacher Wayne,25819326
Edward A,6975666
Neil Murphy,8894318
Daniel,7138856
Michael Kilpatrick,8420495
Jennifer,13339816
Youssouf,8119336
Sarah,4216278
Mary,5164437
Freddie,2514768
Kurtis,9506537
Holmes with Martin,6222005
Marvin Dent,3488142
Madelyn BritishEng,6716046
Alexander Burnip,5234798
Owen,3925631
Clair IELTS/FCE/CAE,1227745
Lewis,23014387
Fred Williams,5291676
James Campbell,5237604
Shaun,7207153
Mark Ball,5116166
Alex Wright,7486945
Jessica Bennett,10316677
Teacher Connor,7024505
Craig McVicker,6277041
Jonny HJ,4518082
Patrick,25120257
Alex,11516036
Josh,9787379
Ruky,9004284
Baris,5502929
Paula Kamarados,4630187
Ila M,7691828
James Leyshon,9985010
Thomas the Teacher,8663131
Benjamin Pike,6136748
John Coram,10315320
IELTS JIMBO,6581259
Therese,8489114
Alexandra,7045009
Rob,6029531
Gavin,8276003
James Coates,7245466
Amara,9012393
Katie,3471934
Jason Michel,4416335
David,1537655
Rafiq,10482984
Greg Jones,4391288
keren,6679299
Jake Pointer,20522099
mark matthews,6936288
Michael Devlin,4381777
Ava,1585856
Sam,2456124
Mathew S,6172378
Louise,5178160
Tom Jack Bannister,8712553
David - IELTS,8460054
David Phillips,3382878
Dr Nick James,4471143
Rita Weitz,25277714
TEACHER SAM,5665030
Victoria Morris,4668229
English with Kate,5121863
David Cox,3536183
Michael Walsh,9497368
Annie Eagleton,7010286
Birgit,3589870
Teacher Marty,3348427
Nicolaj TEFL&CEDILS,6690976
EnglishTeacher Abbie,7147600
Charlotte Dyer,10492511
Javiel Knight,7303206
Lesley,8038376
Robert,10895167
Mags English,4007829
Lily M,25214660
Mohammed Trilingual,5142205
~Teacher Naomi Rae~,8547585
Abbie,15755548
Christopher,814956
Raheena,10852484
Catherine,23887408
Xavier,8034754
Steve Hogg,11116537
Louise,7676799
Jack,7950098
Dan J,10740554
James (IELTS),6523098
Lia,6986815
Issaiyanee Pillay,7362292
Chris,6948569
Patrick Aivazian,1477067
Gaia,22996451
Hannah Matthews,8127688
Anu IGCSE IB Teacher,1056370
Gerard Aylward,22126063
Nigel Jackson,5035906
Alana 🌸 IELTS 🌻 KIDS,6749894
OET Medical English,4221952
Mark IELTS,9004783
Cameron Allan,7155283
Joe,6800377
Scott,8047011
Paul Turner,8873082
Richard,6287840
Morag,3495127
Ruth Harrison-Wood,5739746
Laura,7432260
Emily,5413627
Gemma's Classroom,6961498
Nicholas,3504375
Jay,7010679
Sunny Pyburn,25881048
Rohan,20929507
Cathy,9923701
Melissa,4627990
Caroline EXAMS,2880638
Joe IELTS Examiner,2461918
Christian Carter,8551317
GARY — FLUENCY + BIZ,2989592
Bob Hodges,4371100
Jordan Yeatman,5613621
Charlie Collingwood,3908647
Tony Lowe,12002422
Jean (IELTS & more),7286022
David Barkham,4249496
British English Kim,1403251
✅ George,7566742
John W,1664433
Cambridge David,11389905
Mia,4713358
"Matthew, MBA",3308072
Manchester Chris,3897765
IELTS Matt,3579700
Katharine-Rose,3521231
Chris,1117876
Scarlett🌞KIDS,5381672
Clare Pro 🗣️🎤👩🏻‍💼,6052342
Andy J,25619164
Karen,6696350
Jenni  Fluency/exams,7891726
Gayner,1342293
Carolina,5038476
John,1221603
Michael,24545483
Adam (思爱德),3380999
Ben Beesley,4340624
Becci J,9281927
susanna,8721888
craig,10904910
Teacher Orla,9498278
Joanne Taylor,9623116
Jan D,3787887
Alan Forrest,7128122
Oliver,8107902
Matthew,1195822
English Teacher Roz,5996338
Kathryn Ring,24932391
Pauline Snowdon,5317179
Steven A. Knight,8567829
Brittany,5514889
David,3932441
Jonathan,8455326
Rachel Boyce,1394345
Rachel,573840
Robert J,13252465
Philip,3692298
Bryannie Drury,4734031
David C,9923577
Alison,5374205
Sarah,1111875
Helen Frances,4589913
David,26989846
Evelyn S,10642370
Wyn,144900
Clara Braña Mcdonald,7765644
Karen Sinclair,12627558
Henry,11513497
Tom IT / Business,13536716
Mark IELTS/Business,1091784
"⭐Tom Oxford, IELTS",3894786
Marcus,2935665
Carolynne,7227211
Ariadne,22999723
Steve - Business,3727116
Alex,6568470
Tom Emery,658229
Sasha Louise,8525059
NICK IELTS Speaking,5563079
Jonathan Wilkins,9805507
Mary,4949715
Kyle,323696
Alex,26397195
Mike George,4284252
English Teacher Max!,3319743
EXPERT BUSINESS Mr D,10004889
Tom PJ,10011702
Anne Pronunciation,8056537
Simich,1227283
Garry,8604164
Louise,3532780
Sarah L,8425434
Chris,13240109
Paul Archer,8569159
Diane,5197906
LearnWithKris 🌟📚💬,5223456
Benen,5598058
James Reece,7183045
Peter Spraggs,7423346
Eleanor,3527124
Lana_Tutor_UK,4498801
David Stirling,6139358
Dan,7661676
Daniel Colman,754979
Kate,7560699
SamuelClements,3084157
IELTS & Speaking Roy,1858707
Dan Garrett,7166740
Maria,4737605
Daniel Clayton,7956239
Heidi Gray,2027136
Louise Conn,6259294
Steven from Scotland,1332037
Julie Kids/iGCSE,5527526
Jordan Marshall,5206311
SULIMAN ABDELATY,8110044
TeacherTabs - Kids!,6132843
Sarah F,9297253
Nigel Wright,3511385
Sophie IT / Business,5745521
Dameon IELTS,5161755
Nicholas,2923123
Dave,10905701
James,1381032
Daniel Anthony,3477251
Felix T,7375982
Felix Smith,18615506
Stephanie,12446480
Ciaran,7648067
Andre,8456302
Dr Morwenna Fellows,5295051
Hein - IELTS & Kids,6852947
Dan Wolfe,5333294
Alexis Currin,7347451
Susanna,8460030
Karolina,11658939
CeliaKoenig,26036498
Andrew Pronunciation,3537539
David Paul,5458635
Dan,25619395
Berwyn (TEFL),7238054
Ayden: IELTS,1572449
Sue Kullai,3654181
Rob,6706079
Tim Huntington,4267596
Jamie IELTS,3573045
Miss. Laura,9020352
Paul Interview Coach,4962900
Lydia,11353132
IELTS Fletcher,5315856
Abu | IELTS expert,6038591
Andrew Bradbury,2657849
Jack,8665787
Neil Evans ESL & EFL,10906065
Nathan IELTS CAE FCE,1812792
Kevin A Dean,1078268
Joe,8425021
Natalie,10833600
Bonnie/Gen English,3295427
Andrew Wright,5439070
AMY 🌟 KIDS & ADULTS,7219089
Sara Thelwell,3786850
John,4481231
Tom G  - Adults/Kids,9287672
Anatoly•JobInterview,13250840
IELTS expert Trent,9391870
Charles,1637166
Samantha L,9435711
Mike from Scotland,4643765
Jenny Field,3208263
English with Tracey,5724567
Mark Wickham,3461384
Shane,5077693
Robin,2902626
Claudia,1696583
Lucy Hares,7701462
🙌 Teacher Lee 🙌,8600553
Oliver (Adults&Kids),4174804
Saoirse (KIDS),8205311
James,11642972
Jade M.,7199966
Alex Todd,7328878
David Brown,7230535
Natasha Laura,7131728
Charlotte IELTS,6012963
Nichola W,7172132
Shonel The TEFL,4901783
Daniel Ng,8358148
Ana Giles Myers,5269994
Editor Anna  安娜編輯,5150873
James Hately,4943401
Son Bas,6972120
Dr Liam Pollock,5165320
Charlotte,9485493
Ian Marshall,7149455
Jon,1026932
Johan,9490985
Charlette Prudent,3872664
Kae (Kids & Adults),1582165
tom woodrow,7204452
Jason Carhart,6569348
Caitlin Mellor,8582309
Michelle,25124468
Tess W.,5651940
Lyn,10013060
Michael Gibson,6964443
Helen H,5548908
Sally,6148183
Lady Mary English,6361774
Jordan M-S,3227164
Laura Muir,5200463
Rob * Business / IT,3869313
Asa,9390374
Thirzah,7627559
Sue ADVANCED EXPERT,3399560
Sasha | Study abroad,8542405
Marie Hobson,4365991
Louis,8444694
Joe London Teacher,6911965
Rachael G,10091126
Sarah,4354088
Guy Hall,4335703
🌟EnglishWithZowee🌟,3217895
Learn with Feds,7601575
Sweet Alex's Class,13344300
Richard,3391607
Abdul,9811032
Elizabeth Fraser,10504201
Reuben,5579710
Kudzai,5779976
Edward,8234813
Jenny Cunningham,3468767
British Ralph,6751337
Melanie Harrison,3556949
Alan Johnson,4920935
Lara,7363470
Teacher Diane,6387146
Nina Mattje,5651281
English Chris,5345295
Nicky British Accent,5484077
Mark,9938666
Dr Steve Wilmshurst,5499879
Matt Sturgess,5856176
James Smyth,3414099
Barry,7900881
Grace Hunter,11845553
Mr Lee,10462319
English with Jack,3450047
Felicity,754436
Ross IELTS Business,5810778
Raylene,7529926
David Parkinson,26032001
Tim,1342841
Jeff,23792984
Nici,7644312
StuartAccentPro,3690833
Carl Urmston,5208316
Jack,2587168
Jessie Baynes,15797626
Freddy,10919514
Giulia Monaco,1810771
Dr J-Academic & Work,6853706
Jason,3103555
English with Naila,18980635
Amanda Brennan,13531744
Stephen Exam Prep,9668495
Lesley White,24820807
Jonathan Baker,3606203
Laura London,4812884
Rose,8455057
Daisy,1800703
Chris,2710441
Darren Crisp,9271449
Stephen,3627407
Anastasia K,6323941
Kirsty,1304766
Matt,10657780
Sonia,6155411
Helen Pearce,3745768
English Confidence,3140873
Teacher Kate,8732642
Joe Tuckwell,8353501
Alan,1409231
Simon,2744790
Andy Garside,10492094
Joshua O'Looney,3730166
Malcolm,5531127
Aliwyn Cole,4657617
Polo,5904464
Sean,8788095
Sam Grigg,4692701
Richard,8271187
Innes Robertson,6696733
William Miller,8372319
Emma Smith,7352363
Fiona English,4765136
Jacob Spence,9012528
Kevin Colfer,7571780
Daisy,5544282
David,3191546
Graham Rogers,3202092
Jon Armour,23773677
Rachel V,7187870
Andrew Tucker-Peake,23005124
Ellie Thompson,12731083
Alix,26031231
John,9277250
Anglia English,10466882
Jazz,3239427
Toni Marie Vernon,6125037
Jack IELTS,10167123
Anton,13424066
Charles Elstub,9090946
Graham Stobbart,13547355
Simon English/IELTS,6779879
Gareth Todd,10757433
Annie,6763397
Stefano Enepi,1062695
✨Laura C ✨,9077437
Chris | 克里斯,1783949
Matthew,2955355
Frank Kids/Adults,8881708
Sam Lancaster,8349644
Steve IELTS Examiner,10098906
Konner,11834852
Peter Ferry IELTS,3785147
Jeffrey,8719362
Teacher Elina,3633903
Joe,4534660
Audry Wickham,1522384
Doctor Charles,6006059
Matt (Gad Academy),602226
Michael Fitz (UK),2714186
Mhairi,16400969
Ivor Churchill 老师,6499740
Stefan|IELTS|大学申请专家,4904045
IELTS Coach Kate,833763
Felix Dale,8882700
Peter,1258082
Dr Duncan James,8461327
Martins English,3996788
Theo Ammirata,20715916
Teacher William,7162801
Kieran Budd,7905651
Chris Bromley,2445038
Rosemary,868339
Luke IELTS&TOEFL,3853917
Kelly 💫 (Kids) 🗺,9990472
Daniel Einon,7120273
Freddie PGCE MA FHEA,5135635
Sarah Downing,13251060
David - Speaking,7959890
☀️Zoe☀️Kids&Science,5661074
Lianne,13721468
BibleIELTSkids -Walt,5606369
Claire,596847
Ritch,9938834
Simon White,8525591
Cassie Jay,9434412
Michael R,1557012
Meg老师 ✔️IELTS✔️KIDS,10166088
Sammy IELTS,5885449
Burton Langille,3117149
Will Marshall,23007604
Malko,6704130
Ty 🎯,21991451
Chris,9637644
Touve,11130991
Ryan Storr,11834226
Bilel C.,11796000
IELTS with Joe,5796640
Jenni,8595944
Karla 🍁,2390398
Melody,5539508
Nicolette Stadler,23001729
Stephen Green,13085770
Teacher Sarah,22955657
Julia Ess,12257506
Shelley Lipke,25619843
Jonathan,3667544
Loisel,7515880
Sabrina,6148764
Charlaine,10084332
Brent,10743568
Lindsay,3824717
Israa J,3493804
Chris (IELTS&TOEFL),6118439
Timothy Hunter,11017616
Anthony Spring,6249652
James W-Kids English,8144652
Rina E,3204921
Jai,7006673
Amy Becker,12736841
Kelsey D,11332433
Dixie Adams,11009431
Colleen,12381615
Nicholas Danis,11013811
Susan,1560453
IELTS Keiran,2450236
Julien,7164308
Vanessa,2534271
R A,1838115
Tana Monk,4800457
Anna Philosophy,13945037
Teacher Sam,11835044
Melanie IELTS CAE,3771375
Scott Young,7345198
Andrew,8183170
Mindy Poulin,1249230
Ryan,2491042
John Becker,9485585
Noam Davies,4819819
Vanessa,1671978
Eric From Canada,6707311
Sarah,4934438
Vera Business EngDeu,3756341
Cassandra,3045322
Business ESL - Akbar,8422203
Chris,5326890
Scott Goodman,6931431
Kenneth H. 肯尼斯,4524566
Jericho,2861232
Marlie,22997310
Daniel Millard,6310653
Ralph English Teacher,5965900
Lou Scapillati,7189309
Amine Idrissi,7009059
Emma LeBlanc,6714924
Teacher Selvin,9016415
Natalie R.,10341284
Steve (Sreten) W,3979013
Michael-Business Pro,6873557
Debbie (children),10899860
Dania,6455716
Jessica Stevenson,4474340
Richelle Dupuis,8212540
Alex,7182597
Patty V,4957657
Peter Stamos,6918146
Melina Kor* IELTS*,3451970
Alex G,7076598
Azeza,1838119
Bob,20021076
Shane W. Callahan,3313353
Marcello L,19679095
Sebastian,5058948
Ian M,7222983
Hélène,3497320
Simon Teens & IELTS,5633239
"Megan | CELTA, TEFL",3173635
Eric Tyndall,2997755
Dennis,3800808
Duncan,6740055
Lorraine North,8431530
Joy Henderson,12355985
Shamara Nicholson,3545899
Roxi,26393818
Teacher Sean,1618201
Glenn Specht,1723454
Alex Starostin,4468251
Kristy Brown,8726532
Max,13237084
Shawn ॐ शान्तिः,1352149
Jeremy,5754348
Lydia,1259554
Curtis Davies,4672521
Manvir,9100499
Dareios Katsanikakis,1616511
Tracy,7895131
Josh / 书华,4782851
Anna- KIDS & Adults,26032746
Kae IELTS,5418827
Kirby,2848368
Stories with Jesse,6555790
Simón Wheeler,1667154
Laura Kate,5267449
Rafa,3754930
Stefan|IELTS|雅思,5028454
Ben Roberts,9644677
Thomas Sutton,5882029
Cameron,11618540
Daniel,7149885
Tom- Pronunciation,5091369
Craig IELTS & Chat,5699356
Amelia English+IELTS,1543075
James with MBA,3423106
Lana,6688271
Matias Sandonato,3406991
James / ジミ,6252332
Robert,1270616
Mark Hartmeier,6729754
Jamieson Pearce,6802945
Jessie Jane,5579354
Bora,5621952
Maximilian,7273107
Jessica,8597760
Georgia,4023828
Diana,9443129
Andrew J,1134341
Hannah,3108846
Monica,3697543
Darren,1254804
Ryan,3829091
Joshua,12930438
Lee F,2930289
Kathy,2950580
Miss Phila  IELTS +,8191576
Zita Consani,8636101
Tersha,3306847
Enza,10597581
Kobus Botha,14151923
Leisha M.,22684968
Primrose Mndaba,8742149
Johan,8416303
🌈 Manchaki|KIDS🤍🌈,16790039
✨Lailaa✨,7083841
Evelyn Mosh,10719847
✅ Luce (卢曦诺),7169872
Teacher Karen,11012742
IELTS Adele,8595984
Blake,24940992
Lutho,9491891
Precious Business,6627627
Nate Blakeway,14151859
Jo',7195118
Teacher Donovin,11524531
Faatima,16863939
Mbali Msibi,26590380
Rosalind Dott,10604496
Teacher Ria,8528720
English TeacherSmith,10640138
Seth Manong,5897191
Julian Business,10668091
Brends,4742369
Annemarie Koeleman,7954873
Liesl,5706675
Dimpho IELTS,9377598
Patience S.,19675986
Nicole Franco,7175083
Alecia,10088566
Debbie,7769720
Cameron,7228327
Claudia,4903742
Mel,8457370
Learning with Liyah,16826624
Zen Garland,9771140
Ami Davidson,26032331
Zindaba Juliet,6377796
Taskeen Basardien,23145626
Doug,4940959
Anny,10584695
Teacher Sai,26031928
Pontsho IELTS,7211828
Jurie,23799543
Lily,6514514
Ms Trish,6575036
Nathma,5899395
Ayesha H,6901950
Sunet,25526342
Lindsey Morris,9025697
Ian Pells,7046524
Leslie Mac Callum,6487555
Anara,26031461
Monja Fourie,26376145
Natalie,1381303
Bernardino,8747313
Vanessa Mamabolo,26589813
Teacher Lungi,8472308
Annie 🏝️🐘🦏,10082753
Thobile Maloyi,24819039
Zama,10576498
Warren,24934128
Skye Autumn,7554516
Angela01,10491346
Rebecca van Duyn,5528130
Dave,6333429
Mikhail Dreyer,5254688
Jessica Oakley,7718903
Teacher Tam,5874041
Madeleine Blaauw,7210611
Zandile Charmaine,26039159
Angela IELTS~KIDS :),10483122
Thania,8547713
Jessie,1169629
Zoë,11345109
Ms. Yara,7821163
Matare Tamary,26376075
NAZEEMA - BUSINESS,7396660
Fred Agbadzi,8060602
Zukhanye 你最喜欢的英语老师,10478569
Maryna,5687024
Teacher Christine,8546959
Teacher Rue,6863851
Jessica Stanford,4258092
Michelle,10317409
Sarah-Jane,7177020
Melissa Botha,5316149
Gina Potgieter,11331944
Motsidiso Mofokeng,16405135
Teacher Trish,26376409
Matthew,6979750
Jennifer,6923993
Molebogeng Selina,10482189
Lin Chetty,26393047
Callie ?,7295341
K.K,9920887
Simone Davids,7239377
Tulani Sithole,26037157
Millicent Duma,8474487
Edmilson,7334618
Zama,9623031
Noluthando,9166161
Abu Speaks English,7380649
Sienna Mohanlal,7519630
Marissa,8414593
Marisha,5625734
Chelsea Stone,7680299
Rae,7210517
Teacher Nam,11022909
Sdu M,9084192
Kai Humphreys,6034658
Richelle Chetty,25117159
Candice IELTS,3849873
Vule,8414292
Haylé Parker,6624863
Reeaoboka,9490818
Angela,26392783
Shimei van der Walt,5902924
Constance,9405224
Linda M,26366395
Michelle,15942219
Kholofelo Rangongo,26590055
TUTOR M,9818389
Teacher-Ruth.,6837952
Milla,7215579
Sherman Matonie,7988214
Vicky Cele,9086549
Donnay P,6972703
Teacher Rene,10735145
Zander,9089685
Danielle Koen,26051453
Tandile,9924864
Mandy,8435983
Kevin  Duke,11768439
Sharika R,9099452
Tracy,26031533
Teacher Katlie,10663744
Leigh Mumford,1383492
Denise Greyvensteyn,8522822
Miss Nikkie,24932566
Mathieu BUSINESS ENG,11359492
Siya,1443150
Rochelle Meyer,8469730
Mimi,7065054
Tracy v Heerden,8199177
Shama,9100413
Michelle,7678868
Lara,7248906
Ryan G Christie,25221715
✅MBALI MASHIANE,7770373
Koketso Ntobeng,8879143
Kingdom nombuso,24689769
Zama (PGCE & TESOL),8540192
Teacher Nicole,8557105
Miky Ashram,19473094
Angel Maduke,11023741
Enjoy English cook,25919895
Mirium,25920403
Neo,10829242
Miss Reze 🌸,23002121
Milisa,10157976
Aamina Hoosen,8666967
Keanu,10600494
Christine Adendorff,5930983
Emilio van Rensburg,8747769
Karen Mason,6726930
Tiny,11030726
Onte,7790451
Greg Sletcher,10679230
Sharon,10882154
Minnie,7869658
Esther Govender,8421544
Omphile IELTS,19624401
Chris,5652459
Lesego,11655376
IELTS Ashlyn,7656157
Kevin Ledwith,25520596
Therese Hynes,11610513
Lauren Dutton,8669382
Shane O'R,7048878
Joan Corrigan,7398537
Eoghan,10617006
Jerome Meadows,4075458
Kate,5697318
Sinead K,23794824
Peter Lynch,9178132
Lessons with Liz,5473435
Conor Prendergast,11334787
Lou,7224076
Jimmy,1774999
Jack,9956287
Miss Clarke,6617193
Hester English Coach,4321893
marc whelan,3724556
Eve,3203830
Sylvia Guinan,3406588
Chris Becton,2557537
Aine Wade,4620514
Tom Brennan,7267975
Vladimir Romanov,26031373
Rance Keating,1568677
Declan,1775179
Cian Hall,20514685
Savannah Y.,10343541
Ahmad Anwari,6976505
Terenc,10082341
Arsena,8461775
Ivana Hoxha,7189439
Lusine,10759981
Mariam,7670847
Ita,11656123
Lida,5958880
Liza,3385322
John IELTS/Speaking,4089517
Արմինե,2583382
Jemma Militonyan,9404832
Julia,6550249
Agustina D'Andrea,6053682
Vanina,10488801
Patricia Quinteros,7045576
Silvia White,6144688
Yamila,11988026
Luciana D.,7114064
Teacher Lau FCE,2837990
sandra,3033012
Virginia,6932148
🌟Tu profe Cinthia🌟,2032337
Leo Bertolotto,6842557
Paula,12434560
Nubia,6571462
Verónica Viola,6529983
Marcela,5594030
Beatrisa,8275751
George 🎓,10594605
Ana,7671404
Stanislav,9096238
Renee,8673615
Yemi  (イェミ）,5765330
Alice S.,7228735
Elena A,499227
Lilyana Drebcheva,4606951
Walter Poppe Villa,1356176
Ray G. Shaw,24422247
Ricardo Henrique,7043088
Murilo Medeiros,24934068
Better Call Nanda,4497759
Loren R,9382953
Ana Rita,8530036
Moises Dall'Agnol,7004902
Haroldo Machado,4308569
Teacher Paula Rossi,7069407
João Flores,24886016
Carolina Rocha,2920485
Catarina Goulart,7416114
Rafael Sims,4140019
Estevam Fortunato,7436569
"⭐Yuri |Native USA,BR",9080994
Adriano teacher,222305
Mr. Giuliano,8690237
Amanda Grillo,6794590
Rob,5539461
Patricia Figueiredo,7137895
Nanda,10108625
Jô Marques,5121215
Guiomar Freddi,6797667
Thaís,6168324
Tati Voronkoff,399468
Kilmer,3445679
Getulio Tamid,2415256
Veronica (Canada),3210236
Jane - Fluent Brazil,1485827
Rafe / Rafael,4680184
Jackson Bagatoli,612092
Luan Machado,3578815
Aline Megiani,4962875
Patricia Soares,4828338
Rebecca Kemmer,5355441
Nel de Siqueira,10318369
Gabriel Fahr,1881992
Cintía D Mëdeiros,2602271
Cris Gamaro,6369577
Alessandra,5159076
Georgia,2987609
Hugo B de Araújo,5610652
Douglas A. Ferreira,5816314
Carolina Araújo,4314733
TALK TO DANIEL,3755350
Camila FLUENT 2025,2413182
Tamara Ferreira,3329690
Gisleine Tenorio,6716906
William,2841454
Priscila,2752218
Gisele Ribeiro,7672359
Laone,19684006
Gorata,22896495
Gofaone Peace Leboga,19274104
Dolly N.,9097706
Irina Ирина,8736485
Alina Belskaya,13195105
Ksenia,7051285
Helen Kuk,8420672
Anastasiya,9821064
Eliza Marabyan,7267234
Julia,7480197
Olga,1541515
Hermon Ferguson,4939604
Gian,3805362
Lilian Barrios,26376321
Andy Kläusli,7030872
Maria,2404952
Nicole,5664238
Lola,4961530
Darwin Doñas,26245468
Teacher Guillent,5524309
Maria Belen Chavez,7226160
Belen N,5016477
Sebastian Galindo K,4357149
Ricardo,3510017
Cris,2896019
Andrea,5408352
Diego,1363957
Darren O.,7233850
Ndikum Guy Mandela,8902710
Ashu Princewill,6997195
JERRY,18086858
IELTS Simon • 专家教师,3300218
Nancy,11600486
Annabel in Canada 商务,5574454
Melissa Chen,5041997
Celine 青少综合能力培养/剑桥体系,9432987
Gary,1860017
Yasmine(Kids&Adults),9287321
Yamin Zhang (Peter),799220
Sarah,6671079
Jennifer,1598637
Cindy,9163998
Alice J.🎗Kid&Adult,7005268
Angela,3137302
Jack Takahashi Mao,5081640
Xiaojuan Chen-Cady,8228388
June佳佳 ⭐️Adults,1610231
Darrell,7194942
Alice Li,7609829
Jason Zou,1727491
Dan,1749523
Jingyu,8281476
Jin,3401575
Qingling.Y,24222991
Helena,2977810
Emma,6295080
Mandy Zhao,8560111
Belle,6402344
Angelina,24933857
Johnny,8805140
Frank Wu,6838656
Lisa,26348201
Lee,26590487
Julin,7249790
Candy,1890869
Elise（中小学生英语）,8731746
Felicity,16583278
Jason wan(kid&adult),8553024
Sherry,8898782
Xin (Stefanie),4759059
Anastasia Zhou,6587648
Carol,9805835
Evelyn,1376361
Carolina,5171540
Sebastian,7213664
Cindy,4736382
Jamie Powell,13716570
Shelley Suddy,8376766
🎓 Jhon Hernandez 🦉,7488773
Diana 👩🏻‍🏫,3072382
Andrés Carballo,26392821
Andrea,13237667
Victor Muñoz,7024528
ruben,6375002
Gabriel Peraza,4600155
Luis,1594374
Nicoletta A,26373585
Krisstynaa,8510183
Gesine Mc Gregor,10327387
Maneet,3753414
Teacher Tom,7369211
Manuel,7417129
Valeria May,1195901
Ahmed Khalaf,7210160
Lars,4442581
Britta,4118821
Ann D,7199555
Deutsch mit Davi,6126481
Rod Zook,4230666
Mehran English/Farsi,21016687
Ana Polyglot,2586036
Luisa Eghbal,6611336
erika amerika,6026125
Victoria Krutinova,6048794
Rita Paul,3681597
Janine,7311631
Ruzanna Minasyan,11835085
Nat l communications,3051919
Thomas,3940734
manusaul,1085740
Jerome L,5939618
German with Esther,4464727
Julia,3872344
Juliana Farrell,26400736
Ambar Suber ツ,6685148
Jackelin Avila,1721380
Rayan Benjouimaa,7878929
Ilias Brahim,7612225
Zina Benchouikh,7354282
Prof Faiza,5544243
Fatima,1422194
Henda Elteir,7391666
Sara Eissa,825851
Farah Gawish,24821330
Ahmed,3347980
Wessam,25619676
Manar Muhammed,6995829
Mister Bakur,4135007
Reem,3965872
Nessma Hassan,6968538
Tasneem تســنيم,3346091
Esraa Salmin,9168802
Ibrahim Mostafa,1663428
Teacher Alex .. kids,5028759
Cristina Domènech,1689306
Naim,7355066
Stefan DELE Spanish,7007841
Justin,7478382
Erika Sanchez,4946061
Manuel S.,11538785
ANGIE,5461410
ANTONI,7586725
Jess Pinilla,18715304
Miguel (米格尔),1476350
Pedro,2571280
Adriana,2745718
Jake,26033932
Albert ACCENT COACH,4226435
⭐ Gonzalo Moreira,7732791
Maria Ceñal,3509131
Irene Beltrán,4035169
Pablo,4744077
Natalia Quintana,6112904
Teacher Mary,20440053
Javier Romero,4362880
Maria,1325660
Oscar,774820
⭐Eric 艾力克⭐ - 少儿 & 成人,6614123
Rafael,1536209
Ville,5210825
Pierre,12242555
Prof Renato,2403093
Laëtitia,8020137
Ivan Koval,3652537
Adrien,7181991
Patricia (Exam Prep),2983482
Felix Brassier,4380547
Steven,7841225
Mel,7494278
Mr. Thomas | FLE&ESL,7263265
gwen,8506875
Melissa ✅,5391159
Laura L.,7782234
Yoann Bourbia,12556560
Jean-François,3941812
Jonathan,1338083
Lucas,2723780
Gaëlle |Accent Coach,1355190
Cynthia,3837722
Rick,6619965
Kim,4092676
Syb,1783608
India,4297629
Ellen,5319242
Niko Chitashvili,4850863
Ruzana,4468629
Lamzira,7999326
Ridwan Salifu,26036226
Tutor Desmond,5649486
Dacosta Wereko,6876977
Elvira Marciano,12801433
Siefuni Yearwood,26032742
Ling Ling 玲玲老师,4388393
Ivan S.K. Cheung,24437244
Hiu Ying,4382796
Karman,4673829
"Hilary, Oxford grad",7723907
Free Flow Marija,7243832
Luka,8612316
Teacher Tina,5849801
Anđela,3378513
Aneli Jovanovic,6989583
Irena,2571004
Alain SYLLA,7354261
Eliza B.,4881605
Ildiko,10305886
Judit,5787326
Anita Nagy,3427901
Csabi,4800440
Rye,9986514
Shuni,24647106
Yutmen Soru,7361580
Teacher Vera,7684760
Emy Dwi Lestari,6241523
Eli Ovadia,5037557
Orika אוריקה ⭐,2480847
⭐️Nir Feldman⭐️,1756124
Manshi,19267449
Ann Sensei IELTS,7497977
Kusumika ✅,3850435
Shraddha Pandey,818089
Dr. Abdul M.,14979211
Mridul,4975621
Dr Monika,24800343
Preeti,8132762
Ashish IELTS/TOEFL/BUSINESS,2837803
Teacher Pranjali,25753042
Rashmi,5887748
Wasim R.,7721718
Haritdeep Singh,22675292
Mukesh,1132229
Rishi,2539706
Seraj Khan,7050444
Praful W,11840562
Puneet,589462
Urvi,4730850
Purnima,9175903
Mantra Deepika,3566663
Nick (Eng for CEOs),4145049
Cosimo,2421527
Elisabetta,7246890
Silvia Scanu,23702435
Sabrina,4384108
Luca D'Amore 卢小虎,3243020
Ruggero Giorgianni,6163409
Gesualdo,6601367
Giuliano,3714176
Matteo,1179674
Ulla Brixen,5847965
Dario 范狄 🇮🇹,8743966
Francesca Minelli,9464898
Arianna,10104803
Alessio Corsini,8658223
Sarah Panico,1837438
Cecilia Belletti,6043307
Elisa Polese,829021
Mentor G,9451276
Chiara,5658421
Antonia,6204869
Ginny  金妮,6521493
Sara,5610398
Alberto 马帛乐,3324883
Daniela Duro,25089721
Laura,24932653
Melody D.,3455797
Simona L.,4565496
Teacher Ale,1666231
Greta,7202194
Alex,5782046
Marcello,2363267
Mariagrazia,7092287
Giovanni,2099255
Andrea,6332980
Michele the Euroglot,954568
Michela Nazzaruolo,5116643
Anna Maria,1246494
Prof. Danilo Pinali,4789711
Gerry,1217972
Canace,26393596
Annie,6638945
Asauni B. English,10090553
Dr Hind,7147927
Elvira,12223409
Craig Hawkins,13532749
Jaime,7573556
Soo (수연),3987699
Unju 쌤,3524894
Olivia,6452109
Arina,5047573
Samat,22996501
Peter,3012731
Maya,12011636
Maryse S. Marius,6714900
Don Radun,7473783
Hansi,11349016
Ntsitsa,26142927
Simona Göken,12803651
Šarūnas,2431972
Anastasia CELTA,5907949
Othman Emelson,3508057
Mbarka,878142
Ismail 🇵🇸🇲🇦,6994459
yousra marcil,8098243
Abderrahim Lamzande,26031263
Jaouad,1852808
Ismail Lamiri Alaoui,4197494
Laima,4499656
EnglishmaX,8341990
Emina,11640276
Aung Myo,6491567
Anu 아노,24691106
Yann,3129966
Jordan De Bono,7202354
Guyomar,3235658
Laurene,24103551
Sunganani Liwewe,26393460
Miranda,1089365
✨TADEO DELE/KIDS 💬✅,9012342
Karla,3772910
Viridiana,9272900
Bryan Vitela,6156951
Gabriel Z S,5873222
Roberto,3429659
Yael L.,8172811
Robert Cabrera,6432870
Josué Acevedo,13716943
Pepe Reyna,6578883
Fernando,15318273
David Garcia,13356732
Hugo Aceves,5461346
Hector,904931
Fredo,4919195
Samantha Cruz,6061012
Ricky,4741012
Your New Friend Mike,8525874
🌟Teacher Pablo🌟,1788284
J Mario Morales,4445506
Guillermo,5880307
Jorge Reyes Guajardo,6028520
Salvador Luna,10325797
Uri Quintal,1195046
Diana Tang 郑秋子,6833621
Rachael Teh,4313831
Yuwanes,3768827
Teacher Murphy,19442263
Alice,24944794
Victoria,22478671
Daniel,14043407
"Uche, Ikechukwu",13550934
Iniobong Stephen,25620090
Mubarak Raji,24820285
Mary Ibe,23416036
Mart Young,26368773
Chinelo,24637195
Melvin,7944410
Stanley Igwe,26392221
Callista,22412346
Emeka,24819500
LIZ,9774794
Sunshine Yolanda,7182174
Titus,22490870
Benedict,7214941
Esther,23065309
Dominic Orjiakor,25951203
Samuel,7083189
Gloria,25622415
Vivian,11626206
Dammy,5179066
AKUJOBI URE NNEOMA,24942729
John Imomoh,19099946
Teacher Becky,10747830
Christie Wellington,11406246
Cecilia E,12553594
Jason Reef,6905113
Maarten (馬騰),10013129
Brady 叶佳明,7283914
Johannes Simons,7059978
Raymond,9073953
Teacher Cat,7040820
Anouk,11620209
Jannette Fenijn,1671019
Kiara,13060915
⚡Miss CAROL⚡,7163906
Andrea,707465
Nicolle TOEFL/ IELTS,10445920
Jannett,5436055
Carlos DELE,6226308
Vanessa Spanish Peru,2501071
Walter,2828387
Janelle IELTS,8821567
Teacher A,589285
Roselle,22279519
teacher.maria,1012068
Prof Kai かい 카이 凯,7267518
Cez IELTS-Speaking,953599
Teacher Georgette,12572544
Kath ⭐️⭐️⭐️⭐️⭐️,7368286
Donar Ivan,7233880
Nelli,4522762
Shenna,3815928
LYNDON,7409266
Florian K.,4393336
Faith Lee TESOL/KIDS,8037905
Teacher Aiza,1121091
Maverlyn Capistrano,10111525
Andi R.,20544735
Jerwin(Kids&Adults),8450630
Ninz Adtoon,12363468
⭐️Ms. Ares⭐️,7554078
Teacher Jong,855323
Meinard,4756365
Regina Esther,953117
Teacher Gem,7566705
Miguel Jr.,6921287
Vema,4626374
Teacher Mary,8809086
Rose Jane,1062384
Jhonie,1740507
Andi,6291215
Gleziel (Kids/Adult),24624346
Stephanie Dabu,7938737
Riza,9073481
Teacher Levie,19369201
Teacher Beth,25269320
Teacher_Raymund,26364763
Teacher Romabel,1837309
Aileen,6042417
Jayson Mogello,12569593
Wyn T.,23000150
𝘑𝘩𝘰𝘢𝘯𝘯𝘢,22928593
Ryan,8699849
Emmanuel M (IELTS),8853348
Michael Vincent,5149047
Elsie Jane Olasiman,10120260
English with Zia,24103559
Sara سارہ,5549099
Jak Jz,9456275
Afshan Nadeem,6356044
Amna Noor,23707575
Tahira (Alexen),5345229
Joanna H.,10839171
Robert Olecki,23000770
Piotr (피오트르),6458840
Paulina,4326690
Damian Czapla,9995239
Teacher Aga,5348142
Kamil Gesikiewicz,7405742
Magdalena,5366273
Agnes R.,6499490
Magdalena Golden,1534174
Beata,6180349
Kate,4479318
Osvaldo A. Cardona,7663199
Profe José,1235251
Henry-Business&IELTS,8506781
Tiago M. Araújo,7180634
Maria Armanda Morais,5328903
Duarte B Gomes,11916619
Susan,7231042
Tatiana,1283026
"Andreea, Ph.D.",25875629
Andra Stanciu,13527856
Madalina 🧛🏻‍♂️🇷🇴,5589177
🌺 Camelia 🌺,2957875
Ileana,1410350
Liviu,2744559
Teacher Suzana,1448117
Bogdan Todorovic,10160248
⭐️ ᴋᴀʀᴏʟɪɴᴀ ⭐️,7254182
George,1701026
Jelena,3877950
Boko,4699398
Vladana,5684755
⭐️ Natasha ⭐️,502096
Maria,4294476
Jelenchica,7209443
Igor Janjanin,4858050
Mina,4956346
Dajana Fajsi,5694559
Duska,5055204
Lellah,3357230
Lena Despotovic,5352005
Anastazija Djokovic,4573020
Seva 謝老师,2987886
Иван,5032207
Yuri IELTS,5727615
Ekaterina Mozgacheva,10316351
Olim Turaev 艾伦老师,9815321
Olga CELTA teacher,2607033
ANNA Cambridge CELTA,3087305
Lana,2095489
Anna (Kids & Adults),3427516
Victoria,8815120
Ekaterina,9503105
Serge / Сергей / 君和,7428650
Arthur / Артур,7226267
Ksenia B.,24861772
Elena,4924465
Tati,755999
Anya,4882779
Irina Burlakova,5975158
English with Sally,5450473
Stacey,8133086
Alena,5642017
Catherine,897681
Marina,9973939
Karina,7173591
Bogdan,3182940
L Evgenii,11013994
Maria,9439720
Maria,12964269
Anastasia,846429
Tamila Aslanova,26375726
Stas,3798863
Taisiya,6952807
Andy American Accent,9461993
Igor,5146104
Ирина,1579880
Evgeniya,6696677
Ekaterina Rodina,4058385
Kamilla,13081351
Ksenia Mikhailiuk,13239706
Albina,6719249
Sofia Solveig,3649532
Svetlana,1810343
Elena,6972557
Tatiana,7577848
Anna,1499908
Margarita Kashpor,7264219
Anastasia Merkusheva,21840748
Mariam T.,7187785
Volodymyr Dikan,5668477
Tanya,21274043
Lana,1406221
Oxana,2834669
Anna ⭐️RUSSIAN ⭐️ENG,6744684
Messad Olga,4693528
Sergey Storyteller,3266752
Irina⭐️KIDS⭐️ADULTS,6642010
Kiriana,3012947
Valeriia Smirnova,25620112
Kirill,4893541
Mariia,8053847
Yana,4279790
Vadim,3570743
Igor Naumov⭐️говорит,939984
Erika Downie,8379088
Maria,7355961
Alexey Rivers,4449303
Ksana,1463869
Irina,1283056
Евгений (Eugene),1937576
Helga,1565948
Tatiana,6922695
Yulia,5909362
Elena,3057197
Yulia Herrstein,3780044
Anna Ostrovskaia,11606699
Alisa Englishy,569272
Bella Kardanova,8431898
Marianna Dubenskaya,3424877
Katia|Language Coach,1545199
Maria,2483137
Natalia,795706
Reya,5681720
Teacher Umiema,13192920
Mag / 李龙,13060696
William,4072066
Peter,7699505
Lubi S,5387741
Andrea Millington,3234412
Adriana T.,6652635
Marián,4546057
Michaela,5156990
Henry,3176743
Radka,4921011
Andrew,21122651
Shawn,25618340
Cake เค้ก they/them,7082787
Sirikanya (Siri),10107031
⭐️ Mourad⭐️,5375313
Tasnim Bemri,16088219
Mohamed Rayen Nasri,8393478
Aymen,5879707
Sirine,25619217
Mohsen Taqipour,7831915
Tareq Mashehadi,14647819
Duygu,10752981
EDA HS,13353219
Isra Dephney,8302016
Furkan| Easy English,25366282
Tarık,600465
Ecenur,10918135
Stella 斯黛拉 (OET),4100761
Sibel Kısacık,4593839
Ersan- IELTS & PTE,8598776
Elif CİNGÖZ,7629250
Umut,11783599
Teacher Fatima,7131116
Eda Ermolov Zhelnova,4839667
Kadir Hoca,4204375
Forouzan,7504953
Öznur,1647456
Sanaz Lashkari,11245838
Nazlıcan Z.,11989870
Nuri,5970460
Maryam,8894013
Zeynep,6300970
Yiğit,7711270
Deniz Burcay,3056216
Jon BUSINESS ENGLISH,5112538
TutorTev,26033972
Arifa,7155604
Sherri✨ Kids&Adults,6162749
Mayson,6618853
Joanna,5957511
Learn with Yu Zhe,5504529
Wei Wei,5468967
Fang Jhu,870419
Xavery Mpombo,6039523
Illia K,6664495
Tea with Natalie,4428036
Amara King,12222995
Kate English&Russian,11791629
Maryna ( 玛莉莎）,4009424
Andy 安迪老师,7462090
Teacher John,6515070
Anna,8556395
Yasya IT English,7195630
Aaron,24932599
Anna,4178797
Kristina,7525061
Kateryna Balchidi,19674676
Iryna K,5334011
Yulia,1559260
Iuliia,6588832
Solomiia Babiak,7882422
Juliana,1892125
Yaryna,7637836
Anna Russian&English,1268340
OLIVER|ENGLISH TUTOR,11994933
Ivanna✨,1710710
Anna Sapena,4465743
Demi,2940399
Olga,4911932
Nick,5973709
Victoria,1723029
OKSANA,5215390
Valerie (Lera),3182581
Anna Sehal,5146582
Olga,1584393
Jane,4876846
Helen,7680326
Nadiia,4714198
Tetiana,4801145
Olesia,5221264
Anna Green,5191769
Оксана Пасько,10674536
Anastasia Teacher,3390211
Svetlana,2857518
Dennis,4374108
Natalya,1105812
Catherine,6591796
Ekaterina 罗清莹,1784303
Oksana,11640171
Viktoria,5810386
Oksana K.,6381287
Claudia Baires,12421111
Manuel Fluency,1256825
Philisiwe,26590530
Ozoda Soibova,20227307
Isabel Rodríguez,5554046
Erdwin,24198833
Nancy Barrena,3848938
Marisol Céspedes,5123692
Alba Carolina,7240343
Lucia Barrios 🌸✨,24197725
Trang Chibi ☆ 秋雨,8299271
Phương,4843551
Ha Tran,5644691
Nga,4789668
Ana Kazoka,6305356
MICHAEL-BizEng/IELTS,9791387
Rumbi IELTS/CAE/OET,4325377
Sanele N.,10575916
Patson,11605712
Hazel,8487974
Miss Tray,7510861
Mufaro,13432980
Phathie,7920806
Diana F,10660933
Calisto,9624724
Jeffery,25946668
Lucy in Philly,11530972
Mera,12945598
Alex Chen진안수陈台嘉,1770985
Diana Granados,12820637
William,8193364
Lester・レスター,6236594
Alan,1504271
Jon Poelman,6381345
Kris,7100882
Hannah Dougherty,8658809
Lynn,2553407
Sara,3780053
Alice,5450709
Amber,7618524
Mariel Ortega,11402523
Steven,17992318
Kara,6417758
Jule,8111520
Lidya Maria,17526421
Sheldon Cox,7181184
Hiram Aparicio,8341642
Lili,9450827
Beth,850398
Carl卡尔,1947582
Evan,26034550
Mina,10643799
Brenda Gomez,11516992
Travis,8177857
William Kondas,9781142
Michael 或者 “阳光”,10620111
Brian Mak,12937529
Brittany Payne,10612337
Jason,7674270
Cecilia,7910768
Anders,3714969
Holly 荷麗老師,6465418
Jazmine,5949515
Kat Bartschi,13070547
Mr. Nikolas,11915946
Laila,8488438
Harry,8582923
Russell,24933234
Zach Dunlap,13639396
Mister Dann,12565217
Cynthia Zhuang,10449414
Teacher Ahmed,5157554
Aaron Tate,13343859
John Castle,10492583
Miss. Isis,18605412
Malcolm Grant,9406483
Avery,9494009
Eightplusone,7525088
Moto,13548543
Erika,1757074
Natalie Smith,8418820
Zoe Belle,6285527
Jeremy,8382206
Micah,12629038
Mack G,19709444
Abby R.,13619537
Marc,7424277
Carlos,15223847
Ismail Rasyid,13236476
Joe,2469004
Michele (Shelly) M,3543119
Rachel Schlaifer,10192774
Fred Kuhr (USCanada),7740681
Carmen,10331042
Kai,8897255
roland,21467058
Alison,7842640
Stewart,1848672
Matthew,7239847
Chad,880215
Kizzy,6856644
Ryan Malone,4615014
Russell,9816017
Joan Brown,2564761
Julie,8869702
Kaai,5637573
John FR,5421851
Abby,7424978
Amber Soule,5648041
Diego G.R.,11023206
Seth B.,3453173
Casey,3391354
Mark F Monk,11244867
Hezler Blanco,9435621
Andrew Sexton,9658412
Ann,8658243
Kyra Miller,22925444
John,6869342
Mike,9625279
Pierce,3999930
Elliott Gyll,4091284
Melissa,4846996
Loida D.,4907567
JAH — IELTS|TAGALOG,5078580
John,9290502
David,4059688
Jack,3835911
Neenah,10309706
Erin,6553867
Chadwick Walenga,5772565
Sara C,4822485
Eduardo Sac,7894160
AllysonLovina Phelan,12958286
David Brena,23795802
Sue Monos,9460001
Coach Christina,9180863
Cheyenne Reed,22997786
Larry TheLanguageGuy,882889
LuLu老师,5832331
Trig,3171916
Sloan Leavens,3469570
Mr. Guy,3289859
Karl Heinz,4945213
Rollie,3096492
Tamara,9097766
Tabi.M,6455047
Fatima  Babaji,4884241
Rosa Mohammadi,5071333
Devin,6280723
Aphiah,8176777
Kim,3378404
Rebekah-Joy,8688521
Hannah,9196246
Professor Viv,8769273
Jordan,12633677
Maleah Kenton,8834254
Aaron Pierson,5944470
Nick Tornambe,18433634
Stephanie,2952759
Jordan,10642530
Maxwell Shepherd,4210697
Nico,11842092
Caleb Fowler,3583112
Jason  ジェイソン,7067692
Savannah  サバンナ,2631661
Adam Williams,12374593
Evan T,4787748
Kai,10587555
Evan Hall,22411123
Phil,9923296
Katie,8658579
Lisa P.,6341607
English_with_Shelby,13553126
Ariel Gonzalez,8186392
Deedrio,1455372
J. Nathaniel Holland,5634997
Sami,6475782
Brandon Hollahan,21544090
Anastasiya,7203307
Victor,5498433
Ms. Bernadette,11836924
Doug,4846990
Amber B.,5788938
Juan Pablo,23006410
Chloe,6248082
Jolie,9986074
Rachel Franco,5355872
DR Hall,2686419
Michael,6472713
Taylor Troy,4369215
Hawa Mubarik,8139611
Eli,1399658
Lena D,10326513
Brian,6629430
Randal Jacoby,6276595
Sam,10676356
Libby Stephenson,1826266
Joe,6470589
WVolpe3,1940349
Peter,902591
Emily,6479781
Abby,5422298
Benji M,19100180
MARYAM,10898948
Bennett,1138564
Aura　オーラ,570744
Suszan,6440969
Dariana,7019902
Jack,6120377
Brittany,8014073
Fatima,11235873
Torie,6126284
mal,5988067
Molly USA English,12434639
Arissa,13342987
Emilia,8871234
Brandon,4942023
Micah Buchanan,26392790
nancy mac,10493367
Jourdan Wilson,4961771
Kinneret Ely,7597389
Paolo Canova,5898806
Tatyana Fonseca,12731568
Scott,12834436
Jack,5505856
Rossella,6712999
Terra Romero,13267683
Marny,6330008
Ata,10322387
Brandon,6153664
Amber,6652854
Andrew Chaddock,3575606
Yaprak Brooke,8129905
Nicole K.,7387037
Conor,25622934
Jared Tallman,2971897
Andrew McLeod,9301784
Mark,22622933
Kevin Cole,6052565
TJ (IELTS/EIKEN),5908496
Cliff Byrd,20223743
Gisselle Vallejos,11796176
Samuel,24934757
Levi Feher,9285950
Ariel Renee,10306812
Lacy Petty,11904406
Will,9376498
Amaya,11530459
Sheila Schrickel,8562569
Lowell,12811457
Amanda,5767933
John,7186679
Krishta McMillan,3079997
Brandon R Thies,8666760
Finn,3360858
Lauri Franz,12626252
Kayla,6987519
Robert,8637685
Mark Williams,9658758
Janice,26392966
Jane Zhenya 🌊,13431358
Esse,12372423
Aldo,12816757
Nathan,5892337
Alliyah Wheaton,5467413
Billy | American ENG,8691987
Mwalimu Tina,12443918
Jonathan Bernabe,12634305
Rio Raber,6224756
Elizabeth C,22615554
Jonathon Rosenthal,14055701
John 南阳 남재원 རྗེ་བཙན་,901015
Emerson,9012382
Steve Murray,3236400
Teacher Julie,6156280
Alan IELTS Speaking,10167001
Francesca,797413
Haidor,4257355
Jonathan,5400856
Lou,7811882
Katie M,10904430
Cate,10445185
Michael Robinson,24932861
Ella,14440488
Martha Bird,11105829
Katie,19958919
Abi,11911144
Hannah D,13358143
Alexander Martin,7190293
Joanna Redman,8529541
Karen,10823523
MACKAY  Interview|CV,23002384
Connor Whittaker,13550515
Hannah Prout,11910324
Kritzlynn,6424813
Lorna Berry,10666012
Dr. Hannah Stevens,8002710
Jayne Clarke,7200470
Barry Mclachlan,24219466
Luke,7606780
Jo Asker,10648034
Shaji,12627196
Hannah,7107526
Lucy Butcher,6644204
Felix,4098498
Teacher Alex,5578001
Louis,9092879
Mohammed Wilkinson,7846731
Keon,24820002
Mehrun Khan,9457846
English with Chris,1624882
Rebecca May,26269317
Faisal,12834383
Clare Starkie,4851634
Toby,2500702
Ella,19042068
James Davy,10756430
Emily Storey,9666076
Alexander,3666433
Chris -British Actor,5200356
Faith,8565422
Paul,7088835
James,25076365
Samantha,11664234
David,4796198
Sam van Zyl,10917998
Gabriel Anderson,22540383
🇬🇧 UK James 🇬🇧,24886346
Elisa,23004803
Daisy Hardy,10188381
Nicole Streeton,26031855
Luke,7146451
Linda Lee,26590767
Antonia,2093138
Tutor Julie-Anne,13239801
Marcus Charles,4455249
Tom,7631376
Lily,7505927
Sandra UK,5148692
Peter Robson,6926074
Charlotta,9160447
Will Harrington,10641728
Emma Bradley,5626060
Tamasin Byrne,11396236
Nat,4185937
Rhyia,7921680
Georgiana,24865078
Ben,6189244
André,8870763
Dave,3859809
Lucas S.,7940141
Matt,25752404
Jodie in Liverpool🌍,8869124
Fiona,23002114
Adam Barwell,8425596
Teacher Seren,7047047
Sarah,11793578
Allan Matt-Harvey,1821207
Lenka,12386653
Nigel,6857171
CHRISTOPHER TUNESI,13619978
ǰia,12956714
Sheroya Naderi,10497467
Joe,5068201
Rob,24820689
Michael Flynn,4576404
Alison Davis-Kurley,3494633
Josh Turner-Hunt,7171436
Felicity Yau,8056736
Olivia Lowe,11411365
Ben,5176339
James Breeze,3258456
Richard,23001590
Robert,5801430
Emily M,25864607
Laurence,10652463
David Ker,10757192
Leanne,7567339
Khalil,10011276
Peter,11018484
David Gunning,10897132
Ben Spencer,7718282
Sean,6598274
Elijah Everett,10857866
Jess,6763685
Matt,6083734
Dr Merve Robson,22403468
Aliyu TEFL Teacher,7233963
Ffi,4744235
Ella Étoile,6831128
Lloyd John Dyer,4880167
Kane Worrall,6469448
Frankie Rose,8134027
Mariana Kitson,7200307
Sharna R,7796471
Ed Kitchener,3916422
David Leviton,3269536
Olivia,6281489
Tay,25618981
Miss Georgie,6716469
Finn 🇬🇧,2467886
George,11243451
Mandana Jones,4078346
Brit Mandie Ielts,5557161
Jessica Cusick,7800279
James Shepherd,6108326
Angelo,6281710
Isaac McManus,5861877
Lui 🇬🇧,4739492
James,4402202
Maria,6700486
Graham Scott,6051754
Joshua McGuigan,9997690
Mark  ✨,7204726
Mel,7666577
Alex Maddison,16540011
Ethan,1515412
Simon,1686313
Teacher Nick,11011648
Cydonie,1369860
PAM Andreeva,26036358
Rhiannon,3015210
Sue,1547502
Daniel,25619082
Helen Tingle,2740581
Jenny,1244149
Gill Murray,1702449
Matthew,18339018
Keith,3848649
Yasmine,8287297
Ben,9449135
Chris,3842394
Maher Bokhari,12833569
Amy,8184692
Julia.Golinska,25814918
Ian clark,3642020
James M.,5517635
Jon,514826
Gavin Vega,17358365
Kamila,7034782
Nehal Patel,25211423
Shawn 肖恩,10009633
Madison Stone,24957105
Lambert Girardin,6521535
Hugh Luo-Tatebe,8148743
Anthony,7517368
Conor,13445411
Gina,12958464
Adrian Bennani,6532320
Matthew,7184791
Doug Hiltz,10595196
Helena,6950447
Melissa B,13238912
Vanessa Vasquez Lopez,8615434
Alex,8230426
Robbie Vrana,17173565
vini,3881541
Jana Guignard,3882660
Alexandre Champagne,4882157
Jeannie Locatelli,13425817
Carmen,6236038
"René, de Montreal",11008635
Michele,24421265
Frankie,23003399
Mika Lachapelle,12224918
William Dalglish,11988970
Iris,6398881
Jes Canada,11989977
Teacher G,12824440
Angelika N,7492913
Malcolm,7564809
Brian Hetherington,5157802
ESL with Devon!,17346802
Sandra Petryk,13427723
Lorraine Green,9464380
Toni,7909599
Mike C,4537985
Elizabeth,6000075
Pierre Jeanson,4718064
Dave,26032234
Nadja,5581007
Ken,4001363
Marnie,7150777
Melissa,7422794
Alex S,5732928
Jerome,1525201
Manni,7428788
Chris Blount,9497200
Liam,7221168
Mario Jaspe,7664051
Speaking With Fraser,7684545
Chris,6543321
Tooth,1061830
Teacher Li-Zen,6126331
Ratiba Ayache,3143527
Aleksandra,11347647
Josh,1854566
Mark Christopher,8869243
Brigitte,23001012
Valerie Wills,6963857
Lachlan,6918473
Chelsea,12730362
Natalia C,11519298
Claire,25132032
Janice,7942185
Nam,6409883
Mich,7030414
Daniel,6436926
Jessele,6204914
Timothy Lewis,4187446
Lydia Carroll,13348616
laogui,1133363
Michelle,7637185
Denise,6009965
Tamisha,26391557
Fiona,25621885
Brooke,8858587
Marianna,25881118
Billy Arris,7218386
IELTS Andrew,10645708
H. Anderson,26031812
Charnelle (Business),10655493
Alberto Ladu,7807236
Ian Smith,10639366
Teacher Shaney,10648160
Keagan,10740226
Josie,13063622
English with Avela,11240915
Awethu Hope Tshengu,11517464
Teacher Kamil,7163738
Rita,11026169
Boity,9503187
Sannet,10640839
Terri,12438420
Tanike Joubert,10462398
Cynthia N,9489532
Mojaesi Ramela,9988293
Clayton,10839082
Teacher Marilyn,6379833
Mokgositshepiso,18437984
Fareeda,8898777
Jasmine Halim,26031409
Makhosi Nonhle,11107967
Minenhle Mkhize,11529701
Karabo,11014379
Andy 安迪 T.E.F.L,8632427
Faith,9441381
Leah,11382402
Ruané,8256291
Jessica Khan,6419650
Giselle Le Roux,5284701
Nicole Muller,7605043
Natasha Bhibhi,9921506
Sandi,10891578
Luvo Giba,26395866
Aneeqa,8880537
Maps⭐️⭐️⭐️⭐️,8870384
Sam,23007961
Desiree M.,10465655
Teniel Smit,18186493
Louzelle Ferreira,8119026
Alicia de Lange,10833292
Nosi S,10586821
Sethabile Dlamini,5593992
Ndonie,23409589
Karabo,10501053
Phillipa,8898360
Reuben,10113285
Ashkar Hoosain,10354121
Ren,19999718
Charles Pilcher,10446736
Kazie,11401471
Nadette Anker,7234536
Yvonne,9390631
Pascale,9078900
Alexandra,9304402
Teacher Evidence,10832648
Helen - Kids/Adults,7125340
Teacher P,10488721
Bianca Breed 🇿🇦✈️🇨🇦,8540669
Angela Wessels,19650055
Ché,8471767
Siviwe Dlamini,10609557
Tracy Thomas,5442406
Sarah M,10113591
Jolene Milton,16974057
Teacher Devin,17807863
Najeeda,18495064
Kelebogile,15728907
Maureen,9774385
Robyn,10445209
Camilla Joy,10116506
Trevi (She/Her),10471737
Shivon,12125161
Gugu,11412254
Lyndo Poligloto,6395849
Tashe Graaff,16775575
Tia Fourie,10882504
Wendy Altendorfer,11127611
Princess,26591278
Lyn,8079101
Precious,11796718
Nonnie,10676600
Pearl,9806632
Cassidy,6750911
Mohau Vuma,8475169
🌟Karen🌟,5666908
Refilwe,9928889
Angela Smith,6847474
Dr Caroline,10206946
Anne,3579532
Erica M,10900473
Myka Neutral Accent,8632801
Emily Ramasike,19493937
Onele,9271235
Gill Adults💚Kids😊,19676260
Moddy,9973654
Rubí,9950990
Sanelisiwe,8646141
Karabelo,11396813
Molinah,10578605
GINA ML,10895077
Gosego,24830682
Princess Khoza,10727421
Charmaine,9456454
DIANA,8439973
Camagwini Mbasa,10183510
Princess Nhleko,8878358
mel,12376857
Shannon,8731811
Teacher Vonnie,8195797
Lebo,25281009
Clemmy,9078422
Bonolo Maduna,10584805
Precious,10579116
Deneille Sass,19175965
Liezel,16120585
🦄Ginger,10474717
Lelo,9632292
Bernadette Business,10476419
Lerato Mofokeng,26391942
Innocentia Mashishi,11125854
Ayanda Chamane,9779566
Veronica,10584860
Michaela,6299101
tshiamo sekori,24998197
Mickey,9283236
Queen,7653186
Felencia,9921864
Jacintha (Jes),9458859
Babalwa,9441432
Linda Sijavu,24873025
Alexis Matonie,23877465
Nomvula Siluma,11003430
MarieClaire Frankis,10756500
Meghan,6965536
Hafsa,10339726
Teacher Kat,26593302
Nadine D,10659769
Miranda Basset,10722356
Keegan Gouldie,9944477
Nicole,8535408
Prudence,13189762
Caroline,6834127
Natasha,10505160
Zana,8419700
Reece Fick,22398950
Erika Stanford,10719770
Anezwa Toni,10488179
Pfunzo  Wendy,11394983
Scott Brassel,3362378
RODNEY JOHN KLOMFASS,16389440
Rando Fortunate,9281659
Teacher Macnolia,10496999
Moleseng,10679444
Kirsten Waldeck,11664178
Xoliswa khekhe,6283781
Rebekah Samuel,22031178
Zandile,19091169
Bongisipho Mshiywa,8610348
Tristan Sang,8377558
Gugu Khoza,9165916
Mmaditsebe Winnie,10501688
Betty,10351643
Vanessa M,15116170
Katy T,11022017
Nomvuyo,19675103
Mpumi,10497549
Ongi,11345440
Claudia,10487933
Riziki,23800154
Ritha,6371591
Martha Castleman,25011937
Aphiwe Radebe,22947542
Bongeka Gumede,10328538
Bongiwe,11141259
smangele mkhize,10484435
Pearl,8561488
Esenkosi,9185226
Teacher Lee,8661287
Mickey,7744734
Leslie Schultz,25224320
Lucia,8481102
Hendrik,20444937
Stefan,6684846
Sharlotte,9500543
Tshego,15961476
Laura,9927126
Princess,10830189
Kutlwano,11138441
Jason,7654326
Alisa Van Niekerk,5989341
Antoinette,10820917
Sessy Mabona,8163929
Johan,9516444
Thifhidzi,7457880
Maele Mothapo (諺語),11115905
Vanessa,10474173
Marlene Vicente,10328459
Teacher Ayesha,11348793
DarneleyM,10005320
Nosi,7246768
Desiree,9803364
Noelene Inderjith,10585071
ZELDA MALATJI,11241170
Valencia Pillay,26374310
Ashley Mohlala,8477696
Teacher Mohlala,10844466
Precious,11346601
Angel,26591604
Lindy Luck,7863161
Neo,9489693
Sange IELTS 🤩,7841281
Pros,9177263
Deolinda,23799641
Savannah,4904379
Terry,7048976
Teacher Shirley,7053727
Dylan Mckyle,10583850
Mantsha Motswi,10583287
Thandeka Tammy,18735734
Matthew Keogh,5701220
Stephanie English,8872505
Thomas Hayes,6306573
Mark Waters,12810502
Maria Auletta,26530436
Craig,10588001
Dave,24783272
Damian,755192
CIARAN,7473117
Dave Kilbride,7334537
English with Dave,4119511
Oliver Hickey,3022445
Alex P,5944154
effrah,11249768
Sabera苏蓓,13938539
Daniela Kuka,9933579
Ines,15320600
Joanna,21843222
Silva Bashllari,7408075
Ilda Monfort,11989540
Kristi,5882328
Egzon Hoxha Official,8896541
Eros,1501515
Ola,4339382
Mariam Sargsyan,11398941
Satenik,5393950
David,16113473
Suren,11624044
Emana Law,10648473
Rafael,6876180
Kariné,4144680
Elsa Mota,7767147
Andy Visa,4839741
Dafne Miraglia,18087615
Daniela Sucunza 🏅🏆,5154901
Francisco Outeda,22645230
Sofia Gil,9510974
Nicolas Lisanti,9818657
Misael,10177203
Yemina Nuñez,7470578
Paulina,7154732
Gabriel,3874547
Tomás,3085278
Celeste,6963798
Federico Arakaki,6939714
Flavio,6827278
Maria Belén Luna,5452528
Maria Tonchak,22996910
Nak,7978472
Lujan,9019481
Yanina Carabajal,5143139
Franco⭐ 弗兰考⭐ франко,6771830
Mile Eng&Spanish,10642726
Esther,5934119
Maria Jose Mendez,7715420
Lara-Sophie,5697870
Fatima,5467868
Nina,7165507
Milana,8886825
Mina P,6069788
Maniana,20450214
Tamara C,11525486
Jenny,8869881
Jovana S,6773788
Aida Kelić,6781471
Shaheda Chowdhury,10180158
NAZIM UDDIN SHAKIL,6971121
Abu,6067622
Kenny,8639713
Quinten,17891104
Robrecht,1906442
Teodora Kralcheva,8193546
Dimitar,4248757
Aneta,7300702
Constantin,7628748
Hristina,7094197
Hasan Alfardan,4268012
Khaled,11106858
Aaron Tossou,10892045
Dr. Sulia,12213509
Lore 🌸 로레 Лоре ロレ ☕,7706072
Denisse Andrea,20919536
Juliana Veiga,26393238
Adam,4795907
Lygia,10622101
Marina,6619119
Amanda El-Bachá,21996456
Rafael Martins,9290570
Thales,3035656
Kiran,6893879
Huan Cardoso,13176814
Felipe Nobre Bianchi,11909945
Matt Dias,3242409
Lucas Neves Lobue,5198613
Teodora Stoler,24271855
Lucas Dias Avelar,3675321
Júlia Durães,10014856
Luna,11392449
Matheus Pereira,7241057
Nathalia Passeri,7818076
Carolina,12239068
Julia G,4872031
ELIANE,6439751
Guilherme Faria,13444079
Wenderson,19467022
Marina,11541171
Marcus Stein,10908667
Gerfenson Ribeiro,7448747
Magnun Franhan,25939577
Rodrigo Peralta,23609642
Isabella,11525033
Tulio Vital,3418998
John hide,5073352
Leticia Carrán,7181949
David Martins,9656576
Thais Borges,12936519
Adolfo,1134705
Mariana Campos,10318982
Rodrigo Basilio,8180482
Victor Fernandes,4666907
Baz,271290
Sara Mendes,6795505
Carlos Santos,4107628
Luiza,10106474
Thi Soares,4750731
Jessica,8448858
Juliana,6026108
Dora,7457488
Teacher Kally,10318064
Larissa,9188834
Cecilia Silva,13336322
Tamires Tavares,6326525
Laura Karam,7515922
Celia,10760054
Laura Barbosa,11622288
Gilvan oliveira,10747157
Eduardo,10737072
Pedro Iago,7827093
Glauber Leal,5960994
Karina,8542643
Luana Marine,4699570
Ana Paula Guimarães,3658242
Gilcimar,2930283
klebson silva,4895620
Raquel Rocha,5480432
Letícia Maciel,6900323
Felipe,8734085
Franciele Neres,7673338
Tony Filho,16769201
Jadna Victória,6040162
Eun-eun（尤尼斯）,12252433
Manna,10838685
Lewa,11649130
Abigail,13627026
Kay,13628781
Yaone Muzola,26393299
Yolanda,12650257
BameO,12562592
Bridget,10469028
Teacher Nthabi,10652686
Tebby,11662347
Tina,6582727
Valerie,5629697
Victoria,25399937
Aksana,5302641
Volha,25931967
Anna,7532249
Albert Lovell,3405070
Serena Kunzler,6240220
Severine B,5744102
Josias 조시아,12630489
Seydou,13259268
Carolina Carrizo,9302064
Gabriel Colipán,6561523
Fernanda Paz,23418249
Paula Cea,25502862
Gisele Mebonde C.,10101958
Clinton : Speaking,12948323
Judith.B,13446626
Forsa,26037221
Nkwelle Junior,6964572
Charlene lima,11253892
Mougang,9505145
Tantse,8845212
S.K. François,9375434
Tonia,8157384
Mokom Loucencia,12933058
CLARISE,7166954
Glory,23002467
Joel Tayem,7653954
Teacher Conrad,6794557
Emil Agbor,5432779
Yurika Rene,10013855
Tony Woks Emelieu,6038935
NKEM Raoul,8052409
Tebug N.,7075885
GODLOVE Bongben,7047867
Musa Nji,9193305
Loveline,7167168
Mah Eleanor,7175050
Mesumbe Yannick,7091190
Banlav Marbel,7139695
TENONFO ZOMESSI . A⭐,12388851
Kamate TEFAQ/TCF/TEF,11120374
Ngong Donald,12832441
Mounir Loukoumanou,6591284
⭐Learn with Kim/Kin,5467830
Hillary Yip 锶雅,5540703
Elena,6621701
Yunzheng,5600311
YuChen,3817629
Helen 海伦,25622437
Jessica Lai,9516416
Elliot,10820663
Shay Luan 栾辰喆,11854992
Amanda IELTS,7274373
Derek C,9630627
Summer,9498497
cici2018,11907026
Qianqian,5861516
Jacob CN-EN-ES-PT-FR,792488
Wendy,8636030
Vicky Qi Wu,5545613
⭐Momo in NYC,5763961
Maggie Lee,9300001
Norah DU,7242424
Liang Wang,7016816
Fun Learning + Karen,8499772
Yating,7482152
Grace SHAN,7636956
Jeffrey Zhang,7910108
Inna Hwang,8758354
花栗鼠Anna,9647856
Jassy Fong,9277599
vera,10186357
Wu Xiao,6392742
karmen,16427541
Carina,8665510
Rose Guo,12122811
Learn with Jiani,24341503
Wanda,9458537
Katrina,11027267
Katrina,9293389
Billy Jiang,4020114
Belinda Jia,7627589
Christie,3053014
Janine,7024241
Kitty韵斐  (Guten Tag),8788371
Sam C.,4832612
Sara Hong,7993935
April,9501293
Bonnie,24633278
Chao,7252728
JessicaBian,8450071
Panny,5450693
Jennifer Chen,7031050
Nikki Wei,7210862
✨ Marlena 老师 まれな ✨,4587517
Jenny,25526372
Andrés González,5279918
James Salamanca,9792807
Dani Alfonso,7157464
Soo-Jin Na,9773007
Sergio Aristizabal,9806258
Natalia González,3966930
Isabel Serna,7373368
Kevin Ferath,6350078
Ana Cardenas,24820529
Laura Martinez,7677753
Nina Rodriguez,10080559
Pam Arboleda,7037888
Melissa Medina,7018499
Maria camila Arocha,9643354
Maria Camila,6730494
Eliana Márquez,9464539
John Gabriel Mora,8395989
Milo Spanish,11526291
Matthew SPA/ENG,5646178
Laura,7622037
Laura Charry,4962282
maria camila,11781361
Fiorella Madrid,3123736
Andrés Montoya,6930233
Diego Gonzalez,6497481
David,3583325
Laura Puertas,6484873
Juan David Acuña,5599778
Sofia Bahos,2691269
lina,1236479
Oscar Eduardo Bustos,4680092
Mateo Canas,10904043
Cristian,1907047
Deisy Salazar,6920478
Julian Silva,7013285
Dino,23409792
Karolína Poláchová,11235392
Zdeňka,10912006
Vitek,7209067
Adéla,6307491
Hana,9108329
Teacher Milena,10202945
Ellen,8186701
Sonia,7101835
Monika,6362487
Onur Karaköse,22379975
Zakariya,6690899
Sigrid Philippi,10739927
Bernardo,11352648
Katja Driesel,10351201
Jennifer,7252864
Anna Deutsch/English,10751818
Niki Klein,24316273
Florian,10901208
Salome Hei,8813575
Florian Sunnus,1462764
Regina,11611909
Dr. Merve Sahin,7100255
Dr. Yohan,6248100
Celine,5925706
Mirjam,8507230
Charlotte,13552024
Mimi,5731044
Hannes Schumacher,8892134
Pirmin Braun,14529846
Carina Popov,4530463
Ruediger,4441854
Franziska Norman,5979614
Benjamin Bechhofer,8201350
Janick Bartels,6709231
Vivi,4410037
Annalena,5954990
Beyza Tunc,9272890
Hanna,11646970
Frederik 福瑞,710325
Simon August Eriksen,5298876
Natalia Piatek,10658806
Manuel Gómez,25210458
Sai  Neris,6335497
Wilbert,7335251
Eduardo,5675280
Amira,3614401
AMROUCHE Yacine,8211505
Lamis,12097346
Walid,6752581
Yasmine Nabet,7690747
Mira B,9511546
Hadjer Allal,8760226
Mansour,8563067
Djellouli,10015299
Karim,10077329
Ahmadi Nacer Eddine,10009812
Zaki,8464589
Ola's Language Lab,9015408
Walaa Othman,8577367
Teacher Mohamed,6834961
Abdeen,7630548
Alaa,4579002
Abdelrhman,6616436
Ayman Fawy,4772933
Shimaa Elgabry,6185631
Ahmed,3491366
Mo'men Adel,8784933
Osama Khaled,24798926
shimaa abo,8854442
Ahmed  Mashally,5332423
Ahmed Deiab,7500098
Hazem Sabry,5938085
Doha דוחא,13430486
Nermine,10201809
Sally Hussein,8018153
Mohamed Nadir,275683
Aly Magdy,7490615
Mohamed Halim,5069164
Dina,4859836
Andres R Trujillo V,10308038
Tú Profe Mohammed,5648501
Juan Carlos,4158948
Laia B,7559995
Anna Font,7481562
Dee,10077435
Kousai GHRIMIL,26032681
Alfonso Parrado,4265634
Andrea,8127471
Jessica,6046135
Anais,4800738
Alexandra Blanco,12239683
Cesar,6706946
Nuna,9171027
David Moraza Sanchez,7782230
Laura,25108480
Learn with Joan,4915940
Iván López Domínguez,11515197
Juan Carlos,11786005
Juan Rico,56807
Tomás José,11596214
REBECA,9162800
Pedro,7925421
Alba E. Caro García,5556362
Itziar,12106983
Thea,7385278
Weini,9377020
Anastasia,5986608
Teacher Quentin王钢蛋老师,7005787
Youssef,9960189
Sandro,7980351
Lola French Teacher,8418113
Rachel N.,11240971
Howard  🏠📍 Paris,8313040
Ondine,11408991
Alexandre Applefield,5315254
Sébastien,3597345
Pauline Honore,12420398
Olivier  Py,6568640
Jules Quirin,8478829
Chloe Romano,9492290
Christophe,1379824
Alizée de Rochefort,8451809
Daphny,8057817
Sylv Learn French,8520475
Geethan,1571925
Aurélie,6408013
Alicia Grout,11905657
French With Sarah A.,7410332
Sévane KALAMAZIAN,7439579
Eliott,8192761
Benjamin Carpie,8587576
Salma,6188561
Julie,4036903
Julien Courson,4909038
Anaïs 🌺,10825735
Michael,10584215
Mariam,11137924
Mkhitar Khitaryan,9486990
David,10307544
Mariam,13080277
David,5613432
Eli T,9010568
Mariam,4517949
Gloria🎉❤️,20463630
Alexandra,18602495
Sonia,9173436
Mustapha,19125102
Kwabena,10654806
Walter Medrano,11019861
Geraldin,6718470
Tracy🇬🇧英國執業言語治療師,7299230
Michael Wong,7143050
Fiona C.,7128872
Amy,1163821
Wilma,8698048
Jelena,9655583
Andrea,20640806
Chris Business Eng,7216348
Loudwige A Moscova,9016539
Gaby,6142298
Isaac Dieujuste,7610705
Anne Ducasse,5174116
Ferenc (Frank) Szabo,26411384
Daniel Tarnai,7383465
Máté,8363252
Teo,2915619
Bálint,6543034
Zsolt,3919132
Ákos (Aakosh),7901074
Linda,7195540
Verry Kurniawan,25368814
Michelina Muhadi,9385733
Teddy,719539
Dhea in Bali🏝,7223074
Madeleine T.,21984789
Winda Dwi Wiranty,8195671
Ninit,5650590
Learn with Fern ♥️,9443520
Puput Putri 噗噗老师,7356077
Delfi,10839534
Christopher,3315318
Ismail Wahyudi,7416197
Kalissa,8859534
Lavi,12358042
Ben,4645792
Nisa,8754885
Astrilia,9431954
Yohana Ekky Tan,1825291
pazit frenkel,3503907
Barak,6109441
Ela G.,4850618
Shani Kim,7523234
Shyam Syangtan,9627036
Suhas,4698680
Isaac Gabriel (艾萨克 ),13365066
Neeraj Kaundal,8311684
Kaifa tara,8374054
Shreya,6831532
Hemraj Singh,10493270
Saloni,6256942
Sasank,7487723
Sagar,14684199
Sanjeeva Kumari,10730183
Mugdha,4323996
Ruchika D,8863428
Varinder Singh,6942183
Kamal,10012219
SACHIN,5361213
Himani,6020919
Sailaja,7539543
KAAYATHRI,7479839
Tapas Chatterjee,8870232
Shrujan Rajdeep,8803977
Bhavani,7405244
Aparna Bharti,12824720
Elisha,7002883
Nalini,544865
Crisna Patel,5474528
NIK,5582725
Ezhil Arasu,7544030
Priyanka Gaur,9170803
Sraboni,5130127
Yusuf,1112442
Smrity Bhasin,11911724
Anurag,3440083
Utsav Maheshwari,2955012
Jetty Shyam,12449397
Rachna,3330873
Himangi Sharma,8881973
Barshali Dey,9181567
Sharwan Singh,8161794
Mazher,1644104
|| श्रुति || SHRUTI,8786515
Akki,25951576
Arijit,3453618
Seenam Arakey,25129461
Saheli Roy,6474787
Urvashi,4799329
Shoaib Aziz,8081598
Noopur,7826355
Aarthy Durai,8071323
Farhan Aziz (फरहान),1813217
Aftab Mulla,1394274
Dr Jayanta * EXPERT*,7466295
Shyam Janakiraman,938609
Katie Archer,8687899
Madhurima,6471572
Kanwal IELTS,5145182
Ali LC,10008996
Hussein Mohmmad,4519522
Ilaria Baldini,8008749
Franco L.,7034653
Chiara Capurro,11002072
Ana S,10601224
FEDERICA 费德,12357438
Gianmarco Fontana,20903535
Mariangela,9292681
John,6389592
Ambra Tabbì,8721386
Miriam,23002087
Elena,5731420
Tina Di Nitto,22402602
Giulia Origlia,12740945
Angela,11612568
Elisa,7315349
Ilena B,7140208
Luca Vadacchino,11387427
Fuling,5100240
Andrea Ripamonti,4246620
Vito,9974133
Diego,10858612
Lara Lombardi,8152609
Alice Broi,6286894
Silvia,5873862
Veronica,12715227
Claudio,25369422
Claudia,8721584
Mena,6075026
Nancy M.,9438093
Vanessa,6166814
Diana C,9519431
ProfessoressaCamilla,3411522
David K,17905402
Ylenia,7048886
Stefano Uderzo,5616645
Juri d'Altilia,7708345
Stefania,5288041
Luca Costantini,10675620
Valentina,5810832
Giada Teacher,6648430
Marta G.,8590005
Angelo Chiarelli,24621016
Simone,7048201
Miriam,10338253
Andrea Brambilla,3129826
Denis Çako,7546466
Elisa Baronio,21299779
Michela,7391195
Liù,7689801
Marco,25935980
Mona,11018644
Chenelle,9452115
Nadeen Dixon,9947667
Excel W,7021604
Abigail Gordon,26033613
Brian Star Jamaica,4957710
Tiwanna,2842824
Allison,962859
Dr. Qasim Alawneh,12819096
Abeer Abugharbiya,8897888
Mr.Mike,5890116
Aliya,8650209
Zuzu Kachieva,6012487
Steven Kim (김성권),11663378
Maria Kim,9462336
Lydia,5898854
Jenn 겨운쌤🇬🇧🇰🇷🇩🇪,24885652
"Bulan 최_Mel, AUS",8056833
Suzie Kim,23907480
YoHan Park 요한,1531161
Genie,25934160
Jay,19707974
Jin,8167114
Woong Kim,7767907
Husain,4069992
Yelnaz,9800161
Ajar ⭐️⭐️⭐️,6842672
Nuriya💯📈,7009784
Kristina,24094847
Zhazira,7369909
Sabina Kushkova,8564453
Lena M,13334945
Arwa,2842875
Ali H.,13177177
Rawan S.,12370168
Patrick Khoury,7886896
David Sethathi,8440502
Amber,26031622
Mapalo Pereko,21997997
Kuena,17623432
Illah Mothobi,16590331
Senate Phakisi,9641708
Maggy,11364173
Cheddar,12245937
Laura,6801097
Souhaila,12445068
Hajar,11510873
Rehabe,23262394
Brahim Aitbarka,8436183
Aya,10124330
widian,11785573
Nafie Bouhaddou,20471843
Chaimae,7650761
Assia West,6591247
Fluency with Ben,7496993
Taoufik CHAKIR,4193324
khadija,7144103
M'barek Berrazzouk,8718689
Teacher Loubna,5918508
Hayat,3135325
Mehdi El Quortobi,7522813
Malak El Yacoubi,26054879
Mohamed amine Mrabet,8614293
Marwane,10835403
Marouane Elhabchi,8647919
Sara,10174506
Effortless English,23209976
Mohamed Ibrahimi,26038133
Mohamed ( Simo ),3550903
SoukaYna,25355353
Badr,6359751
Hafsa K,19347008
Dasha 🎓,9377391
Valeria Budden,11799904
Tatiana,12652639
Valentina,6137389
Vladana Ulama,1668204
Nikoleta,1634604
Vasila ✨️,12630912
Cherry,6750374
Pa Pa Htwe,21454126
Nona Buba,6975440
Altyntas,6633844
Emily,8660847
Cheikh DIAKITE,26242196
Geshna,7810953
Trésor,12258831
Natalia,5158482
Jennifer Ascencio,11855437
Lucy DR,6058270
Luis,2905956
Jahdai González 🔥,8049255
Sayra Andrea Gomez,10178744
Daniel López,10859377
Diaura,8656226
Rene Sanchez,5526390
Luis G,12357661
Gonzalo García,12355823
Rafa Espitia,12100779
Liliana Rodriguez,5174660
Andrea Caballero,8117887
Roberto,12003801
Naomi Llaca,7486300
Wilber Camacho,11666174
Cesar,1638264
✨ Esme ✨,7236252
Ximena Villalobos,19959587
Karii,5342836
Santiago Soria,2787042
Sandra España,12443027
Eduardo Huizar,8452782
Eli Smith,6636351
Mariana Landa,7676547
Cesar Loyola,4536178
Roberto B. Siliceo,3344816
Daniela D,5072087
Michelle Gomez,7032455
Alexis Marin,10080220
Jose Luis Rebolledo,6692896
Kai Aoel 凯,8533512
Stephy,7195466
Qistina,13449502
Paul Jacob,7169120
Jane,12363187
Mrs. Malay,2843897
Zee Chew,9073777
Alvin Yuen,23812509
Syuen Khor,25365973
Teacher Kelvin,8535015
Crystal Jee,7417111
K C,24826657
Crystal Teh,7736739
Grace Enyi,24950973
Grace  Adoko,13187522
Ruby,10096076
Precious,24932457
Mercy Mercy,7289383
Adepeju Oni,11125384
Ijay,4385928
Irene,13544450
Maureen,26538982
ATUOKWU EMILIA,18964353
Daniel Ekpo-Bassey,1301734
Tutor Queen IELTS,7438988
Amoji Uche,10349624
Abigail Ademola,9496242
Paul,4321538
Bibi (KIDS🌞-ADULTS),12823291
Maureen Nwahunanya,11364126
Toyosi,6027039
ROSY EGESIOKWU,11512547
Mr innocent,6964877
Nicole,2808573
Carl,12559996
Melissa Vázquez,13065354
Noël,8406599
Mitchell,11246690
Sharon,6523963
Johannes Dietvorst,3666358
English Tutor Daniel,12564568
Joshua,6238710
Frans,4638134
Henrik,2806752
Tina,26251613
Alex,5786546
Markus,9276821
Eni Tamang,21211338
Claudia,2050780
Oscar😆KIDS ADULTS,2578706
Violeta Robinet,8870110
Yuliana Isabel,8873452
Carlos 😎😊,12439621
Maureen Aniekwe,11001544
Christine,10081535
Teacher JOEY,10854368
Teacher Jhane,13065346
Linlin •Kids|Adults,10326159
Nikki,5034036
Jhane Kids/Adults,10180976
Sher,7442389
Lare Austria,11002357
Naomi,5600690
Mae,13336718
Teacher Juvy Ann,10473515
Edison Miguel,6376836
Jamie,13259526
Rose,8880538
CHRISTY,9989184
Kristine,10206747
Ren,9913608
Marica,11383054
Belle,8500929
Fitzneya,5671170
Nim 🤟👩🍋🟩,9295670
Sonny Pantorilla,9930976
Elly,6209628
Rose,9501931
Jhilliane,9188742
Trina Carandang,4806267
Teacher Luna,11137135
Camille Navales,9275188
Nohrz Barz,10200781
Lynn Rachel,10320414
TEACHER ANNA,9277672
Britney,9979853
Hannah,7632133
Queenie Maiquez,10622109
Amalia,12437382
Yan,9387180
lm mirasol,9808401
Leah ⭐ Kids/Adults⭐,23000341
Kylle Edward,5778895
Lhuz,8717255
TUTOR JAYL (FilCeb),9013891
Miss Mao,7185749
Hannah April,11665993
Teacher Angel,10348097
Teacher She,9185702
Sarah,8821888
Ian Garcia,10173198
Abe Lloren,14604918
Teacher Ria,8008619
Louie Garcia,25619151
Rose -IELTS / KIDS,2688549
Suzanne,1775414
Deborah Lopez,8755100
🧠 Claris Sambile,10591612
James Tugade,8305172
Steff,9509736
Faith,3456792
Teacher Rain,8730761
Teacher Praise,12387577
Apple,7005304
Nikki,6593195
Camille Jewl,8373621
Wayne,4175893
Adrian,8281200
Ariana Zialcita,5034660
Christen C.,10003882
Pielle Angelie,11033653
Anni-English/Tagalog,5689211
Donna,11032741
Ellie,9914330
Thea,3625682
˚⋆𐙚Ms Faithᡣ𐭩˚,896917
Faith,8882739
Glen,11379632
Dave Tao-ey Podes,24932818
Mila,9281806
Teacher Julian,9094312
Anne Rola,9934037
Teacher Cyndi,3888916
Trisha ESL Teacher,9934387
🌸 Rhona 🌸,8902433
Kris Julian,7892161
Teacher Emee,11401921
Eden,8752620
Coach Divine 안녕하세요,10104741
Chelle,11392731
Henry (Kids & Adult),9432515
Teacher Jel - KIDS,7213765
Pearl,8692337
Kurt Russel,2930547
Gio,7968497
Richelle,10685078
Teacher Mac,7211435
Hazel Maala,8771436
Christ Dionice,22621084
FDM,5190325
Eve Bosch,7266613
Camille Ilao,10577802
Riza Mae/TEFL,9494384
Hanna Lee,7904786
Teacher Nys,8672100
Ralph Langren Angolo,8511583
Jen,5762642
Grace E.,8808840
Christine Joy,7885781
Teacher Love,7234847
Liz,978800
Janet,7900947
Chel,5998435
Precious Eve,6520785
Teacher Liz,1421691
Touseef IELTS 可汗,3589114
Munia :),20127700
Alex,8226332
Lakhan Kumar,9073992
Sehrish English,11239380
Kalsoom,18160224
Tariq_ IELTS&Bus Eng,9015804
Azka ilyas,11517515
BilProfessionaltutor,10174321
Sonia Asif,5382165
Farzana,9191516
Urwa Rao,8860335
Raazia Sajid,13260847
Sumera Ishfaq,22403120
Sabeena Salhiay,23419428
ISMA,23006632
Muhammad,5033340
Shehar bano Wahla,11360411
Rabia Hafeez,18412072
Yusra Shahbaz,11668005
Adnan,5017961
Javaria Writingale,13335393
Khurram  Akbar Wahaj,6575273
Muaz Jan,8786438
Habiba :),24835274
Ayesha Naseem,14604365
Usama A.,3398895
IELTS+8 ENG SPEAKING,6353300
Misha IELTs,7036390
Muhammad Asad,26351807
Nazish Qasim,6755108
Misbah Hanif,19937208
Agnieszka,12816581
Izabela,7643975
Cezary,10850522
Ania Pawliczuk,8496367
Prof. Joanna,7435529
Monika,26257878
Ola,3154334
Kamil Kotlik,1708465
Asia Poshor,11788043
Agnieszka,6109428
Paweł,8904034
Aida,5179431
Ewa,3393937
Wenny J. Cruz Lopez,2998027
Gían Quiñones,11362851
Osama,7215861
Manuel Traquete,10467072
Carolina Godinho,8529386
Sergio,9177360
Tiago R. da Costa,10114123
Diana M.,23794802
João,6326753
🇵🇹🏖Karol 🇨🇭🍫🧀,8094803
Júlio,11618474
Raquel Reis,7780325
Bianca Lala,7732308
Ioachim Bianca,22490601
Anamaria,4870794
Luisa-Evelina,9942991
Cristian,3405495
Chriss,7486812
Gabriela Bantas,8608619
Alexandru Popescu,6260401
Alexander,6173645
Nemanja Kostic,25620617
Budimir,12738076
Filip Barac 🇬🇧,4564154
Jovana Bazić,9271076
Vesna,6231305
Bojana,6172839
Milica Kostic,25618270
Marko,7170194
Nevena,5624215
Lazar,7146190
Jovana,7320722
Nataša Pivnički,4113123
Svetlana,7296515
Martina,5160365
Maria Marunic,9171254
Tihana,5897047
Milos,7725568
Mina,3644711
Danica,7959399
Milica,5364671
Tina,9277666
Marija,6794234
Tamara Jovanovic,6138249
Marija Ilic,5387698
Marija,4042791
Dragana,5566882
Adel Latypova,20668485
Baziz,8495097
Mary.,12941872
Daniel (丹尼尔; 杭州),8329801
Sergio,12359761
Klavdia,3927398
Hanna,5619017
Eva,6850552
Parisa Gh,9501296
Kate Zarubina,22217084
Javad Rachmaninoff,5009838
Iliya 伊老师,6612110
basic Eli ;) イーライ,6008592
Galina,7211549
Yana,8640152
Victoria,1237438
Christina Ushakova,11260404
Aleksa,10851230
Kate K,8861736
Dr. Sandra Esi,12442788
Lyudmila,12433855
ARTY,10650527
Alex,6238723
Sergei,2063836
Roman Jon,4673650
Anna Diachenko,12214476
Iana Sureeva,26033455
Anton アントン,3937504
Евгения,12228026
Lena,4119769
Angelina,9958327
Anna 安娜,25951688
Marina,3329405
"Alexander ""Sasha"" P",10883316
Anastasia,6586136
Masha ❤️,23879182
Annara,12933065
Evgenia Syabro,13089523
✨Galya✨,7023372
Oleg,5946431
Polina Volkova,23010452
Nikita Danshichev,22996115
Julia,8863711
Sasha蓝天,8552738
Alisa,2513260
Maria B.,11341363
🌈Sasha,10176442
Maria Exam Work etc,495195
Jenny (叶尼娅老师),25824841
Dina Semenova,4863363
Vera,8627142
Igor⭐️KIDS⭐️Adults,7219744
Petr,468130
Ekaterina,1321292
Abdulrahman Ibrahim,8902785
Shahd,26590607
Karim,6195619
Morgan,7498464
Teacher Ida,23421746
Ellie,8500481
Eva Moore,7690532
Anas,1302335
Joakim,6625376
Sean,6657652
Alvin Lim,9285429
Celine,8761860
Hannah,8206046
Teacher Pam,4487847
Thomas,6972865
Ziga,10662774
Laura,8630345
Teacher Natalie,8295799
Katarina,9014969
Faustína Valéria,2414231
Silvia,6968324
Ahmed,8197005
Awa,6971240
Grace,1745587
Robert Lin ( 林冠州),7388701
Anne,4545499
Ananta,24626199
Rukhshona,8197024
Arslan,13543187
Guli,11911436
wejden,7373003
Muhammed Trabelsi,4620274
Sinda O,12552534
hamdi hamza,8109898
Mahmoud Blel,12237263
Radhia Rhaiem,13187011
Mira,9484347
IELTS Teacher SAJ,11920518
Duru,7191117
Tuğçe Bağlıoğlu,9271360
Selin Kenan,9159613
Gökhan,5998691
Doa,12651945
Oguzhan,21992154
Elsevar Amirli,6979153
Furkan,3449499
Simge,8839313
Deniz Kurtoğlu,7531582
Şüheda,4693773
Shirin Shabany,6568837
Ario,18491956
Abdullah Keleş,14084800
Yusuf,6117102
Ulku,5174593
Nehir,10907394
Karel Dolgun,20223316
Ece,7698255
Isy,7083369
Ben,3170080
Clara Kikois,7805789
Jacob,11850959
Suleiman Salvatore,7549780
Zita,1643206
Yan Patsenko,12647591
Daniela Szep,8414729
Maria Makarchenko,4997434
Nati,6797751
Mike Sot,9093480
Elena Sunhurova,12727117
Alexandra,11133053
English with Irene,10615588
Darina Kostiuchenko,8104593
Alina Zelinska,13251889
Kate,6505077
Vitaliya Dovzhanska,4926347
Aidan,6595832
Tania,14368733
Nick,6200326
Yuliia,26401915
Anna,4533208
Alisa,5660097
OLEKSII VITKOVSKYI,9391411
Denys,9187228
Artem,6047874
Bohdan,10328717
Olya Bagdonas,9185087
Viktoria,11909071
Christinia the Tutor,5279438
Sergey Green,7214300
⭐️Alex,3941839
Vitalii Zinchenko,5772485
Tayisiya,4323515
Jackie CordovaEscoto,6827459
SpeakEasy with Dalia,7016168
Jenny Hernández,7005145
Milton Ralph B,4830207
Zaba,12255942
🌈 TEMAR 🤩🌟,10724143
Tandzile Mazibuko,10649985
Carissa,12124397
Sibahle Ngwenya,23005594
Reneth,13429505
Mbali Lechuti,9448472
Nathalie,10344315
Ibrahim,6813865
Ziyoda,11643692
Muhammad,26393906
Susana,4925002
Mary Mayorca,9168900
Daniel,11107822
Miguel Méndez,2700949
Santae,24933771
Emily Rodríguez,7961223
Stephanie Rodriguez,4807000
Daniela Rodriguez,4826806
Mariset,9383153
Fide,5640872
Nay,5693691
Gabriel Jiménez TPRS,6077146
Dani,5352461
Marijo,5471556
Yosmel Mendez,3196089
Stefano Ruiz,10886674
Claudia Bravo,21975555
Alfredo,4888582
Marianna J.,5830636
Abril,9933984
Bella,18498975
Vivian Vuong,7237727
Chris Vietnamese,7127458
Tường Vy,6660867
Nguyen Tran Trang,5165129
Linh Vũ,4170956
Minh Le,14055499
Phat James,8588874
JoliePhuong,6836259
Hasan,7453704
Tina IELTS,11908607
Happy Machona,9105965
Deophister Ndalama,10097349
Fatuma,10113922
Michelle,12584477
Sarah,26035360
Lisa Wila,11355106
Rudo,9815304
Lisa,13434288
Teacher Eeuny,8085649
Teddy,9498236
English with Zie,13423714
Thembie Phida,11009721
Noma,11243242
Carol,6802200
Audrey Dumbura,12821270
Shallom,10192337
Michelle Sakuhuni,12562646
English with Sarah,11902872
Teacher Maureen,9390336
English with Runatso,12562755
